fold,oos,weights_label,fwd,spread_sharpe,long_avg,spread_avg,long_sharpe,win_rate
1,2014-06-23/2015-06-22,opt,fwd_5d,0.01035350188612938,0.019123269245028496,0.0006162722129374743,0.4051189124584198,0.6558704453441295
1,2014-06-23/2015-06-22,opt,fwd_20d,-0.05004255473613739,0.046118028461933136,-0.006060377229005098,0.377242773771286,0.728744939271255
1,2014-06-23/2015-06-22,opt,fwd_60d,0.0067953378893435,0.06965918093919754,0.0010419737081974745,0.2756732106208801,0.6153846153846154
1,2014-06-23/2015-06-22,opt,fwd_120d,0.1012677475810051,0.08084558695554733,0.015149136073887348,0.3122859001159668,0.6356275303643725
1,2014-06-23/2015-06-22,opt,fwd_250d,0.46276015043258667,0.035906486213207245,0.09047693759202957,0.1300296038389206,0.5506072874493927
1,2014-06-23/2015-06-22,live_4tf,fwd_5d,-0.03138221055269241,0.018402382731437683,-0.0018528321525081992,0.3957240879535675,0.6477732793522267
1,2014-06-23/2015-06-22,live_4tf,fwd_20d,-0.036280155181884766,0.04488202556967735,-0.0037853210233151913,0.3755749464035034,0.7327935222672065
1,2014-06-23/2015-06-22,live_4tf,fwd_60d,-0.010324308648705482,0.0672573521733284,-0.0013478449545800686,0.27484387159347534,0.6032388663967612
1,2014-06-23/2015-06-22,live_4tf,fwd_120d,-0.19516663253307343,0.06730566173791885,-0.028445307165384293,0.27345478534698486,0.6356275303643725
1,2014-06-23/2015-06-22,live_4tf,fwd_250d,0.2848319709300995,0.03148745372891426,0.05734967067837715,0.11266238242387772,0.5384615384615384
1,2014-06-23/2015-06-22,equal_9tf,fwd_5d,-0.012724583968520164,0.018314054235816002,-0.000761942588724196,0.39505302906036377,0.631578947368421
1,2014-06-23/2015-06-22,equal_9tf,fwd_20d,-0.09246999025344849,0.043490223586559296,-0.01216683816164732,0.3469659984111786,0.7449392712550608
1,2014-06-23/2015-06-22,equal_9tf,fwd_60d,0.0252669770270586,0.07209108769893646,0.004121976904571056,0.274521142244339,0.582995951417004
1,2014-06-23/2015-06-22,equal_9tf,fwd_120d,0.16005171835422516,0.07787728309631348,0.02368844673037529,0.28764086961746216,0.6356275303643725
1,2014-06-23/2015-06-22,equal_9tf,fwd_250d,0.5603044629096985,0.035722516477108,0.1105487123131752,0.12139379233121872,0.5668016194331984
1,2014-06-23/2015-06-22,equal_4tf_short,fwd_5d,-0.023726146668195724,0.01893569342792034,-0.001453976146876812,0.4076155722141266,0.6558704453441295
1,2014-06-23/2015-06-22,equal_4tf_short,fwd_20d,-0.07614041119813919,0.04548066109418869,-0.009238631464540958,0.3771710693836212,0.7449392712550608
1,2014-06-23/2015-06-22,equal_4tf_short,fwd_60d,-0.0927891805768013,0.06358467787504196,-0.01377771608531475,0.26275870203971863,0.6032388663967612
1,2014-06-23/2015-06-22,equal_4tf_short,fwd_120d,-0.2289850413799286,0.06543800979852676,-0.03572466969490051,0.2618004381656647,0.6356275303643725
1,2014-06-23/2015-06-22,equal_4tf_short,fwd_250d,0.269081711769104,0.032886967062950134,0.05613543465733528,0.11536519229412079,0.5344129554655871
1,2014-06-23/2015-06-22,long_biased,fwd_5d,-0.11925597488880157,0.014740558341145515,-0.008806058205664158,0.34542015194892883,0.6032388663967612
1,2014-06-23/2015-06-22,long_biased,fwd_20d,-0.1619931161403656,0.03807247802615166,-0.023845788091421127,0.2983492910861969,0.6680161943319838
1,2014-06-23/2015-06-22,long_biased,fwd_60d,-0.016060976311564445,0.07848041504621506,-0.002868683310225606,0.27414217591285706,0.5384615384615384
1,2014-06-23/2015-06-22,long_biased,fwd_120d,0.31975850462913513,0.09777404367923737,0.04876156523823738,0.325283020734787,0.6072874493927125
1,2014-06-23/2015-06-22,long_biased,fwd_250d,0.6853492259979248,0.04404936730861664,0.13596460223197937,0.14408059418201447,0.5789473684210527
2,2015-06-23/2016-06-22,opt,fwd_5d,-0.28125619888305664,-0.01138333696871996,-0.011533195152878761,-0.2686116397380829,0.42105263157894735
2,2015-06-23/2016-06-22,opt,fwd_20d,-0.2688513994216919,-0.02131044864654541,-0.014109398238360882,-0.3320832848548889,0.4898785425101215
2,2015-06-23/2016-06-22,opt,fwd_60d,-0.33610105514526367,-0.028669415041804314,-0.021314216777682304,-0.31409916281700134,0.44129554655870445
2,2015-06-23/2016-06-22,opt,fwd_120d,-0.11202003806829453,0.0014167468762025237,-0.009412690065801144,0.010556682012975216,0.4534412955465587
2,2015-06-23/2016-06-22,opt,fwd_250d,-0.5640243887901306,0.10099627822637558,-0.08877179026603699,0.6377981901168823,0.728744939271255
2,2015-06-23/2016-06-22,live_4tf,fwd_5d,-0.2523057460784912,-0.011438414454460144,-0.015937916934490204,-0.3123853802680969,0.42105263157894735
2,2015-06-23/2016-06-22,live_4tf,fwd_20d,-0.31718337535858154,-0.020730050280690193,-0.02071431651711464,-0.3528674244880676,0.4493927125506073
2,2015-06-23/2016-06-22,live_4tf,fwd_60d,-0.5223667025566101,-0.03513019531965256,-0.036764174699783325,-0.40325799584388733,0.3805668016194332
2,2015-06-23/2016-06-22,live_4tf,fwd_120d,0.06413934379816055,0.008730730041861534,0.005534466356039047,0.06741724163293839,0.4979757085020243
2,2015-06-23/2016-06-22,live_4tf,fwd_250d,0.03643267974257469,0.12921661138534546,0.004495521076023579,0.8341224193572998,0.7894736842105263
2,2015-06-23/2016-06-22,equal_9tf,fwd_5d,-0.27315753698349,-0.010083576664328575,-0.012547394260764122,-0.24360254406929016,0.4534412955465587
2,2015-06-23/2016-06-22,equal_9tf,fwd_20d,-0.29522544145584106,-0.020356163382530212,-0.017292363569140434,-0.3551468551158905,0.46963562753036436
2,2015-06-23/2016-06-22,equal_9tf,fwd_60d,-0.3257978558540344,-0.023552846163511276,-0.021447572857141495,-0.264852911233902,0.4898785425101215
2,2015-06-23/2016-06-22,equal_9tf,fwd_120d,0.21666525304317474,0.022278975695371628,0.017867911607027054,0.17200367152690887,0.4979757085020243
2,2015-06-23/2016-06-22,equal_9tf,fwd_250d,-0.29061877727508545,0.13357532024383545,-0.04275830462574959,0.8605443239212036,0.8218623481781376
2,2015-06-23/2016-06-22,equal_4tf_short,fwd_5d,-0.2552962303161621,-0.010854996740818024,-0.015297416597604752,-0.2993766665458679,0.4291497975708502
2,2015-06-23/2016-06-22,equal_4tf_short,fwd_20d,-0.29977545142173767,-0.019633954390883446,-0.019557354971766472,-0.3372653126716614,0.4534412955465587
2,2015-06-23/2016-06-22,equal_4tf_short,fwd_60d,-0.49830788373947144,-0.033123064786195755,-0.034710586071014404,-0.3778161108493805,0.4089068825910931
2,2015-06-23/2016-06-22,equal_4tf_short,fwd_120d,0.12241573631763458,0.011968392878770828,0.010088447481393814,0.09267698228359222,0.4979757085020243
2,2015-06-23/2016-06-22,equal_4tf_short,fwd_250d,0.013662956655025482,0.1294996738433838,0.0016967816045507789,0.8276559114456177,0.7813765182186235
2,2015-06-23/2016-06-22,long_biased,fwd_5d,-0.23448772728443146,-0.010652349330484867,-0.010255128145217896,-0.20322710275650024,0.4574898785425101
2,2015-06-23/2016-06-22,long_biased,fwd_20d,-0.23984968662261963,-0.022157181054353714,-0.014456367120146751,-0.3656767010688782,0.5020242914979757
2,2015-06-23/2016-06-22,long_biased,fwd_60d,-0.24165178835391998,-0.021319042891263962,-0.015793122351169586,-0.20775547623634338,0.5263157894736842
2,2015-06-23/2016-06-22,long_biased,fwd_120d,0.16934342682361603,0.022294361144304276,0.014754120260477066,0.1558879315853119,0.4979757085020243
2,2015-06-23/2016-06-22,long_biased,fwd_250d,-0.38120320439338684,0.13146252930164337,-0.06679549813270569,0.7570280432701111,0.8421052631578947
3,2016-06-23/2017-06-22,opt,fwd_5d,0.12293214350938797,0.006622164975851774,0.002203464275225997,0.39468809962272644,0.659919028340081
3,2016-06-23/2017-06-22,opt,fwd_20d,0.4078800678253174,0.027248064056038857,0.015856411308050156,0.8275614380836487,0.7975708502024291
3,2016-06-23/2017-06-22,opt,fwd_60d,0.429839164018631,0.07392367720603943,0.04103919863700867,1.4940823316574097,0.9311740890688259
3,2016-06-23/2017-06-22,opt,fwd_120d,0.6477174758911133,0.1772296279668808,0.11360269784927368,1.6579523086547852,0.9878542510121457
3,2016-06-23/2017-06-22,opt,fwd_250d,1.662962555885315,0.3862389028072357,0.30591240525245667,3.0643820762634277,1.0
3,2016-06-23/2017-06-22,live_4tf,fwd_5d,0.05892754718661308,0.006497182883322239,0.0011166306212544441,0.35491764545440674,0.6356275303643725
3,2016-06-23/2017-06-22,live_4tf,fwd_20d,0.447288453578949,0.026221444830298424,0.014928326942026615,0.8092920780181885,0.8259109311740891
3,2016-06-23/2017-06-22,live_4tf,fwd_60d,0.5444544553756714,0.06698710471391678,0.03562091663479805,1.5326696634292603,0.9433198380566802
3,2016-06-23/2017-06-22,live_4tf,fwd_120d,0.6076079607009888,0.13131585717201233,0.0725940391421318,1.8252618312835693,0.97165991902834
3,2016-06-23/2017-06-22,live_4tf,fwd_250d,0.8481467962265015,0.29210492968559265,0.17852430045604706,2.0617196559906006,0.9959514170040485
3,2016-06-23/2017-06-22,equal_9tf,fwd_5d,0.14708426594734192,0.007911468856036663,0.0027422562707215548,0.4597967565059662,0.6761133603238867
3,2016-06-23/2017-06-22,equal_9tf,fwd_20d,0.43585535883903503,0.02895508147776127,0.01675756648182869,0.9126097559928894,0.8502024291497976
3,2016-06-23/2017-06-22,equal_9tf,fwd_60d,0.4945100247859955,0.07298421859741211,0.04300795495510101,1.6876603364944458,0.9676113360323887
3,2016-06-23/2017-06-22,equal_9tf,fwd_120d,0.6937265396118164,0.15972134470939636,0.10662643611431122,1.6328092813491821,0.97165991902834
3,2016-06-23/2017-06-22,equal_9tf,fwd_250d,1.4197883605957031,0.3613438904285431,0.2795855700969696,2.5110552310943604,1.0
3,2016-06-23/2017-06-22,equal_4tf_short,fwd_5d,0.07378849387168884,0.006481850985437632,0.0013747347984462976,0.3619554340839386,0.631578947368421
3,2016-06-23/2017-06-22,equal_4tf_short,fwd_20d,0.42077240347862244,0.02604035846889019,0.014651605859398842,0.8084027767181396,0.7935222672064778
3,2016-06-23/2017-06-22,equal_4tf_short,fwd_60d,0.5034196376800537,0.06492560356855392,0.03528967499732971,1.5114978551864624,0.9392712550607287
3,2016-06-23/2017-06-22,equal_4tf_short,fwd_120d,0.6393615007400513,0.1341865211725235,0.07959087193012238,1.759145975112915,0.97165991902834
3,2016-06-23/2017-06-22,equal_4tf_short,fwd_250d,0.9306102395057678,0.3006844222545624,0.19845271110534668,2.0450432300567627,0.9959514170040485
3,2016-06-23/2017-06-22,long_biased,fwd_5d,0.15490058064460754,0.00695326691493392,0.0027403493877500296,0.4345661699771881,0.6842105263157895
3,2016-06-23/2017-06-22,long_biased,fwd_20d,0.380179226398468,0.028806710615754128,0.015142722986638546,1.0047245025634766,0.8461538461538461
3,2016-06-23/2017-06-22,long_biased,fwd_60d,0.3825736343860626,0.07471350580453873,0.04156336560845375,1.5664219856262207,0.9554655870445344
3,2016-06-23/2017-06-22,long_biased,fwd_120d,0.738153338432312,0.1916571408510208,0.13432365655899048,1.6129963397979736,1.0
3,2016-06-23/2017-06-22,long_biased,fwd_250d,2.056370735168457,0.40448662638664246,0.333259642124176,3.6850600242614746,1.0
4,2017-06-23/2018-06-22,opt,fwd_5d,0.208833247423172,0.008895439095795155,0.005086105316877365,0.2819352149963379,0.6854838709677419
4,2017-06-23/2018-06-22,opt,fwd_20d,0.4224916398525238,0.023554667830467224,0.019109491258859634,0.4043373167514801,0.6209677419354839
4,2017-06-23/2018-06-22,opt,fwd_60d,0.6853309273719788,0.0440751276910305,0.04614151641726494,0.45984137058258057,0.657258064516129
4,2017-06-23/2018-06-22,opt,fwd_120d,1.1549493074417114,0.023855790495872498,0.08586131036281586,0.16242828965187073,0.5443548387096774
4,2017-06-23/2018-06-22,opt,fwd_250d,0.7623574733734131,-0.044815029948949814,0.0806153193116188,-0.3853457570075989,0.3346774193548387
4,2017-06-23/2018-06-22,live_4tf,fwd_5d,0.1714642196893692,0.008615012280642986,0.0039978534914553165,0.29009753465652466,0.6532258064516129
4,2017-06-23/2018-06-22,live_4tf,fwd_20d,0.3568718433380127,0.019642861559987068,0.01558750681579113,0.36139801144599915,0.6169354838709677
4,2017-06-23/2018-06-22,live_4tf,fwd_60d,0.40080735087394714,0.03164656460285187,0.028834877535700798,0.3570498526096344,0.625
4,2017-06-23/2018-06-22,live_4tf,fwd_120d,0.7784106135368347,0.008677547797560692,0.058652833104133606,0.06650921702384949,0.4959677419354839
4,2017-06-23/2018-06-22,live_4tf,fwd_250d,0.6956031918525696,-0.05953683331608772,0.06973519921302795,-0.5318477749824524,0.2782258064516129
4,2017-06-23/2018-06-22,equal_9tf,fwd_5d,0.20027419924736023,0.009618229232728481,0.0049254703335464,0.30416932702064514,0.6774193548387096
4,2017-06-23/2018-06-22,equal_9tf,fwd_20d,0.44719311594963074,0.02591494284570217,0.0202932171523571,0.4494417905807495,0.6451612903225806
4,2017-06-23/2018-06-22,equal_9tf,fwd_60d,0.7143445611000061,0.047679513692855835,0.047895994037389755,0.5031729340553284,0.6975806451612904
4,2017-06-23/2018-06-22,equal_9tf,fwd_120d,1.168277382850647,0.026661911979317665,0.08402413874864578,0.18240150809288025,0.5604838709677419
4,2017-06-23/2018-06-22,equal_9tf,fwd_250d,0.7885737419128418,-0.04161538556218147,0.08134263753890991,-0.3630261719226837,0.35080645161290325
4,2017-06-23/2018-06-22,equal_4tf_short,fwd_5d,0.17529113590717316,0.009131422266364098,0.004114968702197075,0.3118376135826111,0.6693548387096774
4,2017-06-23/2018-06-22,equal_4tf_short,fwd_20d,0.3528604507446289,0.020167693495750427,0.015402523800730705,0.37588393688201904,0.6330645161290323
4,2017-06-23/2018-06-22,equal_4tf_short,fwd_60d,0.4359833598136902,0.034987397491931915,0.03216088190674782,0.38963642716407776,0.6451612903225806
4,2017-06-23/2018-06-22,equal_4tf_short,fwd_120d,0.8226893544197083,0.01203526183962822,0.06272058188915253,0.09191174060106277,0.5120967741935484
4,2017-06-23/2018-06-22,equal_4tf_short,fwd_250d,0.7064160108566284,-0.0548507384955883,0.07321419566869736,-0.4934631884098053,0.2701612903225806
4,2017-06-23/2018-06-22,long_biased,fwd_5d,0.15919990837574005,0.008589273318648338,0.004125039558857679,0.25873661041259766,0.657258064516129
4,2017-06-23/2018-06-22,long_biased,fwd_20d,0.28217613697052,0.023329731076955795,0.013476765714585781,0.3716850280761719,0.6129032258064516
4,2017-06-23/2018-06-22,long_biased,fwd_60d,0.5812066197395325,0.04374392703175545,0.03911486640572548,0.4067961275577545,0.6693548387096774
4,2017-06-23/2018-06-22,long_biased,fwd_120d,1.0807479619979858,0.023111073300242424,0.08558279275894165,0.13793760538101196,0.5685483870967742
4,2017-06-23/2018-06-22,long_biased,fwd_250d,0.4673846364021301,-0.07067719846963882,0.04934115335345268,-0.6216719150543213,0.2217741935483871
5,2018-06-23/2019-06-22,opt,fwd_5d,-0.4433846175670624,-0.004086736124008894,-0.009790260344743729,-0.1687658280134201,0.5
5,2018-06-23/2019-06-22,opt,fwd_20d,-0.4099840521812439,-0.003415307030081749,-0.017011407762765884,-0.06441986560821533,0.4672131147540984
5,2018-06-23/2019-06-22,opt,fwd_60d,-0.2009095698595047,-0.0068506901152431965,-0.018325667828321457,-0.07771123945713043,0.430327868852459
5,2018-06-23/2019-06-22,opt,fwd_120d,0.16778165102005005,0.03364326059818268,0.01775657758116722,0.3672647476196289,0.6885245901639344
5,2018-06-23/2019-06-22,opt,fwd_250d,1.136629343032837,0.1619945466518402,0.2708508372306824,1.1045069694519043,0.8811475409836066
5,2018-06-23/2019-06-22,live_4tf,fwd_5d,-0.3927028179168701,-0.004132331348955631,-0.009681918658316135,-0.15422087907791138,0.45081967213114754
5,2018-06-23/2019-06-22,live_4tf,fwd_20d,-0.5010085105895996,-0.009300164878368378,-0.020857343450188637,-0.16987571120262146,0.4385245901639344
5,2018-06-23/2019-06-22,live_4tf,fwd_60d,-0.35651931166648865,-0.02219102531671524,-0.024024464190006256,-0.2533693015575409,0.3155737704918033
5,2018-06-23/2019-06-22,live_4tf,fwd_120d,-0.28094807267189026,-0.020337359979748726,-0.025059061124920845,-0.23050136864185333,0.42213114754098363
5,2018-06-23/2019-06-22,live_4tf,fwd_250d,0.3796440064907074,-0.011063492856919765,0.08082066476345062,-0.06989739090204239,0.44672131147540983
5,2018-06-23/2019-06-22,equal_9tf,fwd_5d,-0.42315685749053955,-0.003893863642588258,-0.010523264296352863,-0.1653348058462143,0.45491803278688525
5,2018-06-23/2019-06-22,equal_9tf,fwd_20d,-0.5299272537231445,-0.006403280887752771,-0.0235991720110178,-0.12988393008708954,0.4426229508196721
5,2018-06-23/2019-06-22,equal_9tf,fwd_60d,-0.3014669716358185,-0.015594610013067722,-0.025356624275445938,-0.20653045177459717,0.36065573770491804
5,2018-06-23/2019-06-22,equal_9tf,fwd_120d,-0.05688098073005676,0.006227873265743256,-0.005643664859235287,0.08026518672704697,0.5286885245901639
5,2018-06-23/2019-06-22,equal_9tf,fwd_250d,0.819243848323822,0.07299557328224182,0.18845507502555847,0.5339373350143433,0.6844262295081968
5,2018-06-23/2019-06-22,equal_4tf_short,fwd_5d,-0.3519831895828247,-0.0036306323017925024,-0.00886746309697628,-0.13997623324394226,0.4344262295081967
5,2018-06-23/2019-06-22,equal_4tf_short,fwd_20d,-0.47612303495407104,-0.008320915512740612,-0.019699323922395706,-0.15585090219974518,0.430327868852459
5,2018-06-23/2019-06-22,equal_4tf_short,fwd_60d,-0.3235323429107666,-0.020245641469955444,-0.02228582091629505,-0.23754173517227173,0.3155737704918033
5,2018-06-23/2019-06-22,equal_4tf_short,fwd_120d,-0.2588622570037842,-0.0184201467782259,-0.023240406066179276,-0.21221396327018738,0.4344262295081967
5,2018-06-23/2019-06-22,equal_4tf_short,fwd_250d,0.4336802661418915,-0.0034737098030745983,0.09011470526456833,-0.023532351478934288,0.47540983606557374
5,2018-06-23/2019-06-22,long_biased,fwd_5d,-0.3251878321170807,-0.001454862067475915,-0.007798536214977503,-0.058408789336681366,0.4959016393442623
5,2018-06-23/2019-06-22,long_biased,fwd_20d,-0.3232283294200897,-0.0001438543404219672,-0.0168348029255867,-0.0027793587651103735,0.5040983606557377
5,2018-06-23/2019-06-22,long_biased,fwd_60d,-0.18294541537761688,-0.0030465975869446993,-0.01837707683444023,-0.04296407476067543,0.47540983606557374
5,2018-06-23/2019-06-22,long_biased,fwd_120d,0.2403729259967804,0.043622974306344986,0.02549736201763153,0.5161582827568054,0.7172131147540983
5,2018-06-23/2019-06-22,long_biased,fwd_250d,1.3616881370544434,0.18062350153923035,0.3194815218448639,1.364089012145996,0.9795081967213115
6,2019-06-23/2020-06-22,opt,fwd_5d,0.05260055139660835,0.0020607984624803066,0.0032101331744343042,0.06464342772960663,0.6024096385542169
6,2019-06-23/2020-06-22,opt,fwd_20d,0.3100322484970093,0.02621592953801155,0.03706607222557068,0.2935824990272522,0.6104417670682731
6,2019-06-23/2020-06-22,opt,fwd_60d,0.7228424549102783,0.09262754768133163,0.1413297951221466,0.7100406885147095,0.7469879518072289
6,2019-06-23/2020-06-22,opt,fwd_120d,0.8608859777450562,0.15071381628513336,0.2215581089258194,1.083193302154541,0.8674698795180723
6,2019-06-23/2020-06-22,opt,fwd_250d,0.14221526682376862,0.36573055386543274,0.08618464320898056,2.0501327514648438,0.9959839357429718
6,2019-06-23/2020-06-22,live_4tf,fwd_5d,-0.16886097192764282,-0.0032630187924951315,-0.006923007778823376,-0.10904016345739365,0.5140562248995983
6,2019-06-23/2020-06-22,live_4tf,fwd_20d,0.06546533107757568,0.002648763358592987,0.005305781029164791,0.037522293627262115,0.5100401606425703
6,2019-06-23/2020-06-22,live_4tf,fwd_60d,0.5225922465324402,0.04646564647555351,0.08604022115468979,0.3495540916919708,0.5943775100401606
6,2019-06-23/2020-06-22,live_4tf,fwd_120d,0.7300087809562683,0.10096530616283417,0.15743109583854675,0.6021409630775452,0.6907630522088354
6,2019-06-23/2020-06-22,live_4tf,fwd_250d,0.3479389548301697,0.37246569991111755,0.1531066745519638,1.162994146347046,0.9156626506024096
6,2019-06-23/2020-06-22,equal_9tf,fwd_5d,0.02103154920041561,0.0005177651764824986,0.0011526196030899882,0.01784823276102543,0.5943775100401606
6,2019-06-23/2020-06-22,equal_9tf,fwd_20d,0.3090619146823883,0.023353859782218933,0.034458037465810776,0.2794213593006134,0.6546184738955824
6,2019-06-23/2020-06-22,equal_9tf,fwd_60d,0.7446582913398743,0.089451864361763,0.14192652702331543,0.6785235404968262,0.7469879518072289
6,2019-06-23/2020-06-22,equal_9tf,fwd_120d,0.90754234790802,0.15419438481330872,0.22996601462364197,1.0238168239593506,0.8152610441767069
6,2019-06-23/2020-06-22,equal_9tf,fwd_250d,0.15415175259113312,0.3611301779747009,0.0904054120182991,1.9924041032791138,0.9879518072289156
6,2019-06-23/2020-06-22,equal_4tf_short,fwd_5d,-0.18372365832328796,-0.0023679814767092466,-0.006720573641359806,-0.08304179459810257,0.5301204819277109
6,2019-06-23/2020-06-22,equal_4tf_short,fwd_20d,0.1213642805814743,0.007586645893752575,0.0102314418181777,0.10328011959791183,0.5381526104417671
6,2019-06-23/2020-06-22,equal_4tf_short,fwd_60d,0.5635902285575867,0.05555277317762375,0.09655607491731644,0.41911154985427856,0.6305220883534136
6,2019-06-23/2020-06-22,equal_4tf_short,fwd_120d,0.7919949889183044,0.1149071455001831,0.17446193099021912,0.7104902863502502,0.7349397590361446
6,2019-06-23/2020-06-22,equal_4tf_short,fwd_250d,0.35422661900520325,0.3768700957298279,0.15848428010940552,1.3030563592910767,0.9558232931726908
6,2019-06-23/2020-06-22,long_biased,fwd_5d,0.12636655569076538,0.004942870698869228,0.008214795961976051,0.1432238221168518,0.6506024096385542
6,2019-06-23/2020-06-22,long_biased,fwd_20d,0.39617064595222473,0.03233456239104271,0.051971107721328735,0.3639633357524872,0.6465863453815262
6,2019-06-23/2020-06-22,long_biased,fwd_60d,0.7581421732902527,0.09576623141765594,0.1613699197769165,0.747999906539917,0.7590361445783133
6,2019-06-23/2020-06-22,long_biased,fwd_120d,0.9396074414253235,0.15580029785633087,0.25917452573776245,1.2942014932632446,0.9236947791164659
6,2019-06-23/2020-06-22,long_biased,fwd_250d,0.04215317964553833,0.34888020157814026,0.02888442762196064,2.845475435256958,1.0
7,2020-06-23/2021-06-22,opt,fwd_5d,0.04835904762148857,0.020074913278222084,0.0028418859001249075,0.3465963304042816,0.6869918699186992
7,2020-06-23/2021-06-22,opt,fwd_20d,0.288258820772171,0.06692640483379364,0.033946722745895386,0.6360229849815369,0.8130081300813008
7,2020-06-23/2021-06-22,opt,fwd_60d,0.3773857355117798,0.1833827644586563,0.07446081936359406,0.8218421936035156,0.8373983739837398
7,2020-06-23/2021-06-22,opt,fwd_120d,0.0676361545920372,0.27992674708366394,0.014433312229812145,1.0223466157913208,0.8048780487804879
7,2020-06-23/2021-06-22,opt,fwd_250d,-0.6230626702308655,0.2124699503183365,-0.27840596437454224,0.5686930418014526,0.6788617886178862
7,2020-06-23/2021-06-22,live_4tf,fwd_5d,0.09511392563581467,0.02053448185324669,0.004244865383952856,0.39335691928863525,0.6666666666666666
7,2020-06-23/2021-06-22,live_4tf,fwd_20d,0.2607787847518921,0.05730081722140312,0.021900521591305733,0.6144455075263977,0.7601626016260162
7,2020-06-23/2021-06-22,live_4tf,fwd_60d,0.4154202938079834,0.16135016083717346,0.061938006430864334,0.8657697439193726,0.8333333333333334
7,2020-06-23/2021-06-22,live_4tf,fwd_120d,0.6151695251464844,0.3268713057041168,0.14234969019889832,1.1684781312942505,0.8617886178861789
7,2020-06-23/2021-06-22,live_4tf,fwd_250d,0.3568851351737976,0.4037283957004547,0.17312337458133698,0.8427021503448486,0.7764227642276422
7,2020-06-23/2021-06-22,equal_9tf,fwd_5d,0.0665096640586853,0.019900746643543243,0.0034230544697493315,0.36915141344070435,0.7113821138211383
7,2020-06-23/2021-06-22,equal_9tf,fwd_20d,0.29032137989997864,0.06366030126810074,0.030681094154715538,0.641956090927124,0.8170731707317073
7,2020-06-23/2021-06-22,equal_9tf,fwd_60d,0.47804999351501465,0.18191049993038177,0.08773814886808395,0.8988286852836609,0.8536585365853658
7,2020-06-23/2021-06-22,equal_9tf,fwd_120d,0.43649712204933167,0.3044583201408386,0.0973973199725151,1.1721017360687256,0.8414634146341463
7,2020-06-23/2021-06-22,equal_9tf,fwd_250d,-0.20929260551929474,0.2677665054798126,-0.09489443898200989,0.7191461324691772,0.7439024390243902
7,2020-06-23/2021-06-22,equal_4tf_short,fwd_5d,0.09180472791194916,0.020311273634433746,0.0041496544145047665,0.3886767327785492,0.6707317073170732
7,2020-06-23/2021-06-22,equal_4tf_short,fwd_20d,0.2759855091571808,0.059320926666259766,0.024249522015452385,0.6253538727760315,0.7764227642276422
7,2020-06-23/2021-06-22,equal_4tf_short,fwd_60d,0.4343704879283905,0.16599565744400024,0.06676971912384033,0.8742077350616455,0.8373983739837398
7,2020-06-23/2021-06-22,equal_4tf_short,fwd_120d,0.6975880861282349,0.3363838195800781,0.16065214574337006,1.1989775896072388,0.8577235772357723
7,2020-06-23/2021-06-22,equal_4tf_short,fwd_250d,0.37492671608924866,0.40350499749183655,0.183217391371727,0.8446345925331116,0.7845528455284553
7,2020-06-23/2021-06-22,long_biased,fwd_5d,0.09897960722446442,0.020880838856101036,0.005874993745237589,0.3561912477016449,0.6869918699186992
7,2020-06-23/2021-06-22,long_biased,fwd_20d,0.20599782466888428,0.06843037158250809,0.0255738515406847,0.6076343059539795,0.8048780487804879
7,2020-06-23/2021-06-22,long_biased,fwd_60d,0.18704858422279358,0.16964489221572876,0.03227459266781807,0.8116707801818848,0.8048780487804879
7,2020-06-23/2021-06-22,long_biased,fwd_120d,0.07981391996145248,0.2808419466018677,0.01754985935986042,1.0103482007980347,0.7764227642276422
7,2020-06-23/2021-06-22,long_biased,fwd_250d,-0.5811050534248352,0.22413049638271332,-0.24195991456508636,0.5832821726799011,0.6300813008130082
8,2021-06-23/2022-06-22,opt,fwd_5d,-0.033628370612859726,0.001410371158272028,-0.001818002201616764,0.03586640954017639,0.573170731707317
8,2021-06-23/2022-06-22,opt,fwd_20d,0.08435394614934921,0.0009103644988499582,0.008703531697392464,0.013612333685159683,0.483739837398374
8,2021-06-23/2022-06-22,opt,fwd_60d,0.2054954469203949,-0.015715476125478745,0.029095062986016273,-0.18480104207992554,0.36585365853658536
8,2021-06-23/2022-06-22,opt,fwd_120d,0.4452839195728302,-0.044030267745256424,0.06450662016868591,-0.5078293085098267,0.2804878048780488
8,2021-06-23/2022-06-22,opt,fwd_250d,-0.0792422816157341,-0.025679539889097214,-0.02014235407114029,-0.1566024273633957,0.2967479674796748
8,2021-06-23/2022-06-22,live_4tf,fwd_5d,-0.15510515868663788,-0.0011582355946302414,-0.008474133908748627,-0.03301795944571495,0.532520325203252
8,2021-06-23/2022-06-22,live_4tf,fwd_20d,-0.060487065464258194,-0.0031543078366667032,-0.005323457531630993,-0.04542919248342514,0.42276422764227645
8,2021-06-23/2022-06-22,live_4tf,fwd_60d,-0.08872272819280624,-0.034671373665332794,-0.01051242370158434,-0.472013920545578,0.3008130081300813
8,2021-06-23/2022-06-22,live_4tf,fwd_120d,0.12396913766860962,-0.0778123214840889,0.015898210927844048,-0.8998920321464539,0.16666666666666666
8,2021-06-23/2022-06-22,live_4tf,fwd_250d,0.12951357662677765,-0.05389602482318878,0.030637849122285843,-0.35342642664909363,0.25203252032520324
8,2021-06-23/2022-06-22,equal_9tf,fwd_5d,-0.08502354472875595,0.0011428671423345804,-0.004715649411082268,0.030457457527518272,0.5894308943089431
8,2021-06-23/2022-06-22,equal_9tf,fwd_20d,-0.01359372865408659,-0.0038834228180348873,-0.0013105733087286353,-0.05799486115574837,0.43089430894308944
8,2021-06-23/2022-06-22,equal_9tf,fwd_60d,0.03240913152694702,-0.031192194670438766,0.004143570549786091,-0.419537752866745,0.3048780487804878
8,2021-06-23/2022-06-22,equal_9tf,fwd_120d,0.2820259630680084,-0.06686440110206604,0.036175087094306946,-0.8251097798347473,0.1951219512195122
8,2021-06-23/2022-06-22,equal_9tf,fwd_250d,-0.030269620940089226,-0.049575988203287125,-0.007827169261872768,-0.3123527467250824,0.2804878048780488
8,2021-06-23/2022-06-22,equal_4tf_short,fwd_5d,-0.1287086009979248,-0.00034700200194492936,-0.007085451856255531,-0.009679357521235943,0.556910569105691
8,2021-06-23/2022-06-22,equal_4tf_short,fwd_20d,-0.048512861132621765,-0.0029687152709811926,-0.004322980530560017,-0.04282747954130173,0.43902439024390244
8,2021-06-23/2022-06-22,equal_4tf_short,fwd_60d,-0.06552956998348236,-0.03232470899820328,-0.007838156074285507,-0.4430851936340332,0.3008130081300813
8,2021-06-23/2022-06-22,equal_4tf_short,fwd_120d,0.16831135749816895,-0.07415740936994553,0.021029138937592506,-0.8993110060691833,0.15853658536585366
8,2021-06-23/2022-06-22,equal_4tf_short,fwd_250d,0.14737437665462494,-0.053630851209163666,0.03510274738073349,-0.35209110379219055,0.23983739837398374
8,2021-06-23/2022-06-22,long_biased,fwd_5d,-0.009983314201235771,0.0008916277438402176,-0.0005068449536338449,0.021817684173583984,0.5650406504065041
8,2021-06-23/2022-06-22,long_biased,fwd_20d,0.08287675678730011,-0.0009290559100918472,0.007934661582112312,-0.01462711114436388,0.483739837398374
8,2021-06-23/2022-06-22,long_biased,fwd_60d,0.13104753196239471,-0.02601546421647072,0.016020730137825012,-0.33161643147468567,0.33739837398373984
8,2021-06-23/2022-06-22,long_biased,fwd_120d,0.2538392245769501,-0.05917804315686226,0.040152374655008316,-0.7844529747962952,0.1991869918699187
8,2021-06-23/2022-06-22,long_biased,fwd_250d,-0.17403994500637054,-0.043490104377269745,-0.04169147089123726,-0.34016111493110657,0.32926829268292684
9,2022-06-23/2023-06-22,opt,fwd_5d,-0.21533043682575226,-0.004717177711427212,-0.00985600333660841,-0.1935233324766159,0.42276422764227645
9,2022-06-23/2023-06-22,opt,fwd_20d,-0.2747412621974945,-0.012883919291198254,-0.03829047456383705,-0.25425055623054504,0.33739837398373984
9,2022-06-23/2023-06-22,opt,fwd_60d,-0.4408213496208191,-0.04013895243406296,-0.10827424377202988,-0.41640764474868774,0.2845528455284553
9,2022-06-23/2023-06-22,opt,fwd_120d,-0.8078811168670654,-0.050357088446617126,-0.11759789288043976,-0.5454838871955872,0.3008130081300813
9,2022-06-23/2023-06-22,opt,fwd_250d,-0.15818339586257935,-0.03102525882422924,-0.030482761561870575,-0.23495976626873016,0.44715447154471544
9,2022-06-23/2023-06-22,live_4tf,fwd_5d,-0.24459311366081238,-0.005929150152951479,-0.009783758781850338,-0.1770942211151123,0.3780487804878049
9,2022-06-23/2023-06-22,live_4tf,fwd_20d,-0.21529313921928406,-0.008801584132015705,-0.02275121584534645,-0.12165208905935287,0.4065040650406504
9,2022-06-23/2023-06-22,live_4tf,fwd_60d,-0.3933919370174408,-0.028047379106283188,-0.07019101828336716,-0.22172445058822632,0.32926829268292684
9,2022-06-23/2023-06-22,live_4tf,fwd_120d,-0.5651811361312866,-0.03497515991330147,-0.07638746500015259,-0.3035160303115845,0.3861788617886179
9,2022-06-23/2023-06-22,live_4tf,fwd_250d,-0.2016064077615738,-0.06001287326216698,-0.04014599695801735,-0.45403918623924255,0.3617886178861789
9,2022-06-23/2023-06-22,equal_9tf,fwd_5d,-0.2218400090932846,-0.005697732791304588,-0.009988992474973202,-0.246613547205925,0.42276422764227645
9,2022-06-23/2023-06-22,equal_9tf,fwd_20d,-0.2634378969669342,-0.012088393792510033,-0.036311011761426926,-0.2505871653556824,0.3780487804878049
9,2022-06-23/2023-06-22,equal_9tf,fwd_60d,-0.39479243755340576,-0.0378972664475441,-0.10063917189836502,-0.4244956076145172,0.3048780487804878
9,2022-06-23/2023-06-22,equal_9tf,fwd_120d,-0.6748055219650269,-0.046533387154340744,-0.1059580147266388,-0.5547372698783875,0.32113821138211385
9,2022-06-23/2023-06-22,equal_9tf,fwd_250d,-0.01776856556534767,-0.0322880856692791,-0.003327716374769807,-0.2745313346385956,0.3983739837398374
9,2022-06-23/2023-06-22,equal_4tf_short,fwd_5d,-0.23275533318519592,-0.0059146881103515625,-0.009373433887958527,-0.1841989904642105,0.36585365853658536
9,2022-06-23/2023-06-22,equal_4tf_short,fwd_20d,-0.23379510641098022,-0.009848657995462418,-0.02539680339396,-0.14160431921482086,0.3902439024390244
9,2022-06-23/2023-06-22,equal_4tf_short,fwd_60d,-0.416466623544693,-0.03226441890001297,-0.0774116963148117,-0.25887542963027954,0.3252032520325203
9,2022-06-23/2023-06-22,equal_4tf_short,fwd_120d,-0.5766342878341675,-0.03633071109652519,-0.07840268313884735,-0.30692678689956665,0.4186991869918699
9,2022-06-23/2023-06-22,equal_4tf_short,fwd_250d,-0.1869107186794281,-0.0561174638569355,-0.03843112289905548,-0.40279972553253174,0.35365853658536583
9,2022-06-23/2023-06-22,long_biased,fwd_5d,-0.14708133041858673,-0.0031046043150126934,-0.009117420762777328,-0.15594464540481567,0.4634146341463415
9,2022-06-23/2023-06-22,long_biased,fwd_20d,-0.2407563328742981,-0.011159421876072884,-0.039725564420223236,-0.2658762037754059,0.3861788617886179
9,2022-06-23/2023-06-22,long_biased,fwd_60d,-0.38246724009513855,-0.0396387055516243,-0.11131087690591812,-0.4997498393058777,0.34959349593495936
9,2022-06-23/2023-06-22,long_biased,fwd_120d,-0.5102885961532593,-0.04060716554522514,-0.09908420592546463,-0.584408700466156,0.2845528455284553
9,2022-06-23/2023-06-22,long_biased,fwd_250d,0.18711942434310913,-0.0037242972757667303,0.02803259901702404,-0.03724929317831993,0.5121951219512195
10,2023-06-23/2024-06-22,opt,fwd_5d,0.0051620216108858585,0.0055948724038898945,0.00020621555449906737,0.2221788614988327,0.5714285714285714
10,2023-06-23/2024-06-22,opt,fwd_20d,-0.02374272421002388,0.0174541138112545,-0.002257910557091236,0.4114556312561035,0.6612244897959184
10,2023-06-23/2024-06-22,opt,fwd_60d,0.21024560928344727,0.03011462464928627,0.02748604118824005,0.3035924732685089,0.6040816326530613
10,2023-06-23/2024-06-22,opt,fwd_120d,0.24483807384967804,0.09519793093204498,0.049345988780260086,0.7241097688674927,0.7306122448979592
10,2023-06-23/2024-06-22,opt,fwd_250d,0.024325266480445862,0.2585073411464691,0.006986505351960659,1.394721508026123,0.9142857142857143
10,2023-06-23/2024-06-22,live_4tf,fwd_5d,-0.10067372024059296,0.0025960044004023075,-0.0032696756534278393,0.09184329956769943,0.5428571428571428
10,2023-06-23/2024-06-22,live_4tf,fwd_20d,-0.10866306722164154,0.008284521289169788,-0.008577319793403149,0.15919683873653412,0.5755102040816327
10,2023-06-23/2024-06-22,live_4tf,fwd_60d,0.04065316170454025,0.008858509361743927,0.005558705888688564,0.08418738096952438,0.5469387755102041
10,2023-06-23/2024-06-22,live_4tf,fwd_120d,0.12717902660369873,0.0691799595952034,0.024710917845368385,0.5969316363334656,0.7387755102040816
10,2023-06-23/2024-06-22,live_4tf,fwd_250d,-0.061490919440984726,0.2301722764968872,-0.017966704443097115,1.3091042041778564,0.8979591836734694
10,2023-06-23/2024-06-22,equal_9tf,fwd_5d,-0.05371337756514549,0.004602726548910141,-0.0021121036261320114,0.19639155268669128,0.5877551020408164
10,2023-06-23/2024-06-22,equal_9tf,fwd_20d,-0.006187779828906059,0.019555147737264633,-0.0005845440900884569,0.5025599002838135,0.689795918367347
10,2023-06-23/2024-06-22,equal_9tf,fwd_60d,0.2227170318365097,0.028166132047772408,0.02877037599682808,0.3160029649734497,0.6326530612244898
10,2023-06-23/2024-06-22,equal_9tf,fwd_120d,0.2593318819999695,0.09018740057945251,0.051567304879426956,0.7491827607154846,0.746938775510204
10,2023-06-23/2024-06-22,equal_9tf,fwd_250d,0.07302450388669968,0.24763569235801697,0.020349159836769104,1.4584901332855225,0.9183673469387755
10,2023-06-23/2024-06-22,equal_4tf_short,fwd_5d,-0.09667664021253586,0.002394299488514662,-0.0031994732562452555,0.0861818715929985,0.5428571428571428
10,2023-06-23/2024-06-22,equal_4tf_short,fwd_20d,-0.10235383361577988,0.008319049142301083,-0.008212868124246597,0.16744926571846008,0.5551020408163265
10,2023-06-23/2024-06-22,equal_4tf_short,fwd_60d,0.043409563601017,0.00955677404999733,0.005881199147552252,0.09104128181934357,0.5469387755102041
10,2023-06-23/2024-06-22,equal_4tf_short,fwd_120d,0.1449623703956604,0.0725453570485115,0.02852899394929409,0.6352953910827637,0.7306122448979592
10,2023-06-23/2024-06-22,equal_4tf_short,fwd_250d,-0.06814055889844894,0.23828233778476715,-0.02105000987648964,1.3967821598052979,0.9142857142857143
10,2023-06-23/2024-06-22,long_biased,fwd_5d,0.008844702504575253,0.0065582385286688805,0.0003895263944286853,0.30622103810310364,0.5918367346938775
10,2023-06-23/2024-06-22,long_biased,fwd_20d,0.02462817169725895,0.021617315709590912,0.0022057590540498495,0.5922788381576538,0.6857142857142857
10,2023-06-23/2024-06-22,long_biased,fwd_60d,0.2640394866466522,0.039661530405282974,0.03223298862576485,0.5158444046974182,0.6530612244897959
10,2023-06-23/2024-06-22,long_biased,fwd_120d,0.379050612449646,0.1205015704035759,0.0706552043557167,1.1457350254058838,0.8489795918367347
10,2023-06-23/2024-06-22,long_biased,fwd_250d,0.21292565762996674,0.29313424229621887,0.05743652954697609,1.9609850645065308,0.9591836734693877
11,2024-06-23/2025-06-22,opt,fwd_5d,-0.03559977561235428,0.011453352868556976,-0.0018578669987618923,0.17997007071971893,0.6229508196721312
11,2024-06-23/2025-06-22,opt,fwd_20d,-0.13493336737155914,0.04063202440738678,-0.012697151862084866,0.45109617710113525,0.6598360655737705
11,2024-06-23/2025-06-22,opt,fwd_60d,-0.23555445671081543,0.15830302238464355,-0.04296573996543884,1.0676614046096802,0.8688524590163934
11,2024-06-23/2025-06-22,opt,fwd_120d,-0.4146069288253784,0.2993098795413971,-0.09466396272182465,1.4064573049545288,0.930327868852459
11,2024-06-23/2025-06-22,opt,fwd_250d,-0.6111446022987366,0.339019238948822,-0.25753986835479736,0.5323047041893005,0.8237704918032787
11,2024-06-23/2025-06-22,live_4tf,fwd_5d,0.064276784658432,0.01685197278857231,0.004205422010272741,0.20395103096961975,0.639344262295082
11,2024-06-23/2025-06-22,live_4tf,fwd_20d,-0.04694998636841774,0.04846153035759926,-0.0036588178481906652,0.48372671008110046,0.6967213114754098
11,2024-06-23/2025-06-22,live_4tf,fwd_60d,-0.10841551423072815,0.171181783080101,-0.015307494439184666,1.1428104639053345,0.9057377049180327
11,2024-06-23/2025-06-22,live_4tf,fwd_120d,-0.29676684737205505,0.323619544506073,-0.07058776170015335,1.404465675354004,0.9672131147540983
11,2024-06-23/2025-06-22,live_4tf,fwd_250d,-0.5159927606582642,0.38693293929100037,-0.20184418559074402,0.5817733407020569,0.8319672131147541
11,2024-06-23/2025-06-22,equal_9tf,fwd_5d,-0.03528745844960213,0.012029142118990421,-0.0019736948888748884,0.18563859164714813,0.6352459016393442
11,2024-06-23/2025-06-22,equal_9tf,fwd_20d,-0.15717720985412598,0.040502335876226425,-0.013329006731510162,0.4695318937301636,0.6926229508196722
11,2024-06-23/2025-06-22,equal_9tf,fwd_60d,-0.2454329878091812,0.1586383432149887,-0.04148615524172783,1.1034624576568604,0.8729508196721312
11,2024-06-23/2025-06-22,equal_9tf,fwd_120d,-0.441409170627594,0.3031722605228424,-0.11856040358543396,1.390068531036377,0.930327868852459
11,2024-06-23/2025-06-22,equal_9tf,fwd_250d,-0.6633899807929993,0.3433971703052521,-0.3148183524608612,0.5380870699882507,0.8237704918032787
11,2024-06-23/2025-06-22,equal_4tf_short,fwd_5d,0.05008330196142197,0.015668248757719994,0.003169199451804161,0.19623765349388123,0.6475409836065574
11,2024-06-23/2025-06-22,equal_4tf_short,fwd_20d,-0.024423200637102127,0.048925142735242844,-0.0019023037748411298,0.4919118881225586,0.7090163934426229
11,2024-06-23/2025-06-22,equal_4tf_short,fwd_60d,-0.11632002890110016,0.16888152062892914,-0.015839707106351852,1.1492576599121094,0.8934426229508197
11,2024-06-23/2025-06-22,equal_4tf_short,fwd_120d,-0.28767234086990356,0.3271653652191162,-0.07008536159992218,1.3913252353668213,0.9631147540983607
11,2024-06-23/2025-06-22,equal_4tf_short,fwd_250d,-0.4906633198261261,0.396232008934021,-0.1928827315568924,0.5940747857093811,0.8278688524590164
11,2024-06-23/2025-06-22,long_biased,fwd_5d,-0.05726559832692146,0.011034509167075157,-0.0035520850215107203,0.21064776182174683,0.6352459016393442
11,2024-06-23/2025-06-22,long_biased,fwd_20d,-0.03999032452702522,0.05029093474149704,-0.003731236094608903,0.587499737739563,0.7418032786885246
11,2024-06-23/2025-06-22,long_biased,fwd_60d,-0.22640812397003174,0.16940857470035553,-0.03875574469566345,1.117040991783142,0.8565573770491803
11,2024-06-23/2025-06-22,long_biased,fwd_120d,-0.37235623598098755,0.32006826996803284,-0.09472126513719559,1.3752318620681763,0.9139344262295082
11,2024-06-23/2025-06-22,long_biased,fwd_250d,-0.5560901761054993,0.3747805953025818,-0.28467267751693726,0.5746296644210815,0.8319672131147541
