fold,oos,weights_label,fwd,spread_sharpe,long_avg,spread_avg,long_sharpe,win_rate
1,2010-06-15/2011-06-14,opt,fwd_5d,-0.13340413570404053,0.003219028702005744,-0.0025065764784812927,0.10871988534927368,0.6047430830039525
1,2010-06-15/2011-06-14,opt,fwd_20d,-0.07020585983991623,0.023279795423150063,-0.002487419405952096,0.4563900828361511,0.6798418972332015
1,2010-06-15/2011-06-14,opt,fwd_60d,0.24034929275512695,0.06486602127552032,0.012664229609072208,0.6379252076148987,0.7509881422924901
1,2010-06-15/2011-06-14,opt,fwd_120d,0.35688886046409607,0.08955371379852295,0.0321628674864769,0.5033778548240662,0.616600790513834
1,2010-06-15/2011-06-14,opt,fwd_250d,0.7394751310348511,0.08311589807271957,0.08282527327537537,0.5453546047210693,0.6482213438735178
1,2010-06-15/2011-06-14,live_4tf,fwd_5d,-0.17435301840305328,0.0028775345999747515,-0.0033152264077216387,0.10187120735645294,0.5889328063241107
1,2010-06-15/2011-06-14,live_4tf,fwd_20d,-0.19360187649726868,0.021247023716568947,-0.006767824292182922,0.4218297302722931,0.6679841897233202
1,2010-06-15/2011-06-14,live_4tf,fwd_60d,0.08305022120475769,0.06212915480136871,0.004686906933784485,0.6110411286354065,0.7312252964426877
1,2010-06-15/2011-06-14,live_4tf,fwd_120d,0.1585143804550171,0.0849795937538147,0.015924733132123947,0.473152756690979,0.5573122529644269
1,2010-06-15/2011-06-14,live_4tf,fwd_250d,0.4842180013656616,0.07150217145681381,0.05540446937084198,0.4749893248081207,0.6324110671936759
1,2010-06-15/2011-06-14,equal_9tf,fwd_5d,-0.047519952058792114,0.004138394724577665,-0.0009241279913112521,0.1319408267736435,0.5968379446640316
1,2010-06-15/2011-06-14,equal_9tf,fwd_20d,0.1804182380437851,0.026743145659565926,0.006489377003163099,0.5118951201438904,0.6996047430830039
1,2010-06-15/2011-06-14,equal_9tf,fwd_60d,0.7297009825706482,0.07244656980037689,0.03682895749807358,0.7167910933494568,0.7549407114624506
1,2010-06-15/2011-06-14,equal_9tf,fwd_120d,0.9179925322532654,0.10268162190914154,0.06677179783582687,0.564745306968689,0.6324110671936759
1,2010-06-15/2011-06-14,equal_9tf,fwd_250d,1.2675178050994873,0.10375120490789413,0.12977121770381927,0.642932116985321,0.7114624505928854
1,2010-06-15/2011-06-14,equal_4tf_short,fwd_5d,-0.1929863542318344,0.0026175673119723797,-0.003734356490895152,0.0929163321852684,0.6047430830039525
1,2010-06-15/2011-06-14,equal_4tf_short,fwd_20d,-0.18231900036334991,0.021252142265439034,-0.006484851706773043,0.42264002561569214,0.6798418972332015
1,2010-06-15/2011-06-14,equal_4tf_short,fwd_60d,0.131712406873703,0.06327907741069794,0.007434672676026821,0.6182948350906372,0.7233201581027668
1,2010-06-15/2011-06-14,equal_4tf_short,fwd_120d,0.17274683713912964,0.08529848605394363,0.017403462901711464,0.4740930199623108,0.5691699604743083
1,2010-06-15/2011-06-14,equal_4tf_short,fwd_250d,0.5635047554969788,0.07628138363361359,0.06453890353441238,0.5061503052711487,0.6205533596837944
1,2010-06-15/2011-06-14,long_biased,fwd_5d,0.0511808916926384,0.005496169440448284,0.0010829874081537127,0.16318459808826447,0.6086956521739131
1,2010-06-15/2011-06-14,long_biased,fwd_20d,0.2958754599094391,0.031044937670230865,0.011196755804121494,0.583932101726532,0.6996047430830039
1,2010-06-15/2011-06-14,long_biased,fwd_60d,1.116990566253662,0.08037944883108139,0.0535658523440361,0.7979286909103394,0.7905138339920948
1,2010-06-15/2011-06-14,long_biased,fwd_120d,1.321668267250061,0.11805946379899979,0.09069076180458069,0.6147986054420471,0.6640316205533597
1,2010-06-15/2011-06-14,long_biased,fwd_250d,1.669765591621399,0.11991675198078156,0.16639144718647003,0.7015791535377502,0.7786561264822134
2,2011-06-15/2012-06-14,opt,fwd_5d,-0.09660711884498596,-0.004811102990061045,-0.005657050292938948,-0.1498374044895172,0.47035573122529645
2,2011-06-15/2012-06-14,opt,fwd_20d,-0.16741736233234406,-0.014117952436208725,-0.01556664239615202,-0.22914734482765198,0.43873517786561267
2,2011-06-15/2012-06-14,opt,fwd_60d,-0.20294946432113647,-0.017616650089621544,-0.02710147388279438,-0.19197306036949158,0.45454545454545453
2,2011-06-15/2012-06-14,opt,fwd_120d,-0.2144923359155655,0.0015540985623374581,-0.03975975140929222,0.017640797421336174,0.5691699604743083
2,2011-06-15/2012-06-14,opt,fwd_250d,0.1055363118648529,0.10440634191036224,0.02814912050962448,0.7217391729354858,0.7865612648221344
2,2011-06-15/2012-06-14,live_4tf,fwd_5d,-0.10764538496732712,-0.0044397893361747265,-0.006850714795291424,-0.13680122792720795,0.4624505928853755
2,2011-06-15/2012-06-14,live_4tf,fwd_20d,-0.17067447304725647,-0.015481471084058285,-0.01660505309700966,-0.23114527761936188,0.4426877470355731
2,2011-06-15/2012-06-14,live_4tf,fwd_60d,-0.24268034100532532,-0.022976068779826164,-0.03410560265183449,-0.22891056537628174,0.40711462450592883
2,2011-06-15/2012-06-14,live_4tf,fwd_120d,-0.2664993107318878,-0.0064643388614058495,-0.048932261765003204,-0.06379076093435287,0.4980237154150198
2,2011-06-15/2012-06-14,live_4tf,fwd_250d,0.0060969009064137936,0.09112852066755295,0.0016599398804828525,0.5971102118492126,0.7549407114624506
2,2011-06-15/2012-06-14,equal_9tf,fwd_5d,-0.12008726596832275,-0.003750248346477747,-0.0057937647216022015,-0.12294638156890869,0.48221343873517786
2,2011-06-15/2012-06-14,equal_9tf,fwd_20d,-0.14591574668884277,-0.009761692024767399,-0.012241486459970474,-0.17600339651107788,0.4743083003952569
2,2011-06-15/2012-06-14,equal_9tf,fwd_60d,-0.16722887754440308,-0.007167532574385405,-0.019079824909567833,-0.09184892475605011,0.525691699604743
2,2011-06-15/2012-06-14,equal_9tf,fwd_120d,-0.14110076427459717,0.024282339960336685,-0.022484613582491875,0.33808431029319763,0.6758893280632411
2,2011-06-15/2012-06-14,equal_9tf,fwd_250d,0.2770126163959503,0.12902545928955078,0.06024947017431259,1.1347240209579468,0.8695652173913043
2,2011-06-15/2012-06-14,equal_4tf_short,fwd_5d,-0.09612582623958588,-0.004383958410471678,-0.005966957192867994,-0.13937316834926605,0.45849802371541504
2,2011-06-15/2012-06-14,equal_4tf_short,fwd_20d,-0.1735173910856247,-0.015311743132770061,-0.016284611076116562,-0.2333676964044571,0.43873517786561267
2,2011-06-15/2012-06-14,equal_4tf_short,fwd_60d,-0.25127217173576355,-0.021473674103617668,-0.033317793160676956,-0.21359769999980927,0.4189723320158103
2,2011-06-15/2012-06-14,equal_4tf_short,fwd_120d,-0.29303520917892456,-0.006219563074409962,-0.05410708114504814,-0.06229143589735031,0.4980237154150198
2,2011-06-15/2012-06-14,equal_4tf_short,fwd_250d,0.016818968579173088,0.09513742476701736,0.00461158063262701,0.625527560710907,0.7628458498023716
2,2011-06-15/2012-06-14,long_biased,fwd_5d,-0.10677177459001541,-0.0005920470575802028,-0.0041086249984800816,-0.017889846116304398,0.5177865612648221
2,2011-06-15/2012-06-14,long_biased,fwd_20d,-0.12699751555919647,-0.006073038559406996,-0.008972018957138062,-0.1036793515086174,0.5098814229249012
2,2011-06-15/2012-06-14,long_biased,fwd_60d,-0.1516113579273224,-0.0030528141651302576,-0.014769969508051872,-0.037786513566970825,0.5177865612648221
2,2011-06-15/2012-06-14,long_biased,fwd_120d,-0.112429678440094,0.032533369958400726,-0.01653159037232399,0.4796508848667145,0.7470355731225297
2,2011-06-15/2012-06-14,long_biased,fwd_250d,0.3914552927017212,0.1351190209388733,0.07255250960588455,1.3188828229904175,0.924901185770751
3,2012-06-15/2013-06-14,opt,fwd_5d,0.10985046625137329,0.005200530868023634,0.0035743825137615204,0.2232438176870346,0.636
3,2012-06-15/2013-06-14,opt,fwd_20d,0.38806822896003723,0.02403285540640354,0.02413365989923477,0.588445782661438,0.684
3,2012-06-15/2013-06-14,opt,fwd_60d,0.6143930554389954,0.08532583713531494,0.07887116819620132,1.5319937467575073,0.96
3,2012-06-15/2013-06-14,opt,fwd_120d,0.9398781061172485,0.1843031346797943,0.17212970554828644,2.7202935218811035,0.992
3,2012-06-15/2013-06-14,opt,fwd_250d,1.0829925537109375,0.38843220472335815,0.3265238106250763,4.11992883682251,1.0
3,2012-06-15/2013-06-14,live_4tf,fwd_5d,0.009355348534882069,0.005388053134083748,0.00023729086387902498,0.2517351508140564,0.624
3,2012-06-15/2013-06-14,live_4tf,fwd_20d,0.19374406337738037,0.02157212793827057,0.009649349376559258,0.5688881278038025,0.7
3,2012-06-15/2013-06-14,live_4tf,fwd_60d,0.39401975274086,0.0750584751367569,0.041938479989767075,1.3070069551467896,0.924
3,2012-06-15/2013-06-14,live_4tf,fwd_120d,0.5671125650405884,0.16730430722236633,0.09173937886953354,2.2742702960968018,0.992
3,2012-06-15/2013-06-14,live_4tf,fwd_250d,0.5923624038696289,0.3465045690536499,0.17000332474708557,2.750739574432373,1.0
3,2012-06-15/2013-06-14,equal_9tf,fwd_5d,0.07377331703901291,0.005451438017189503,0.002188693033531308,0.2463204562664032,0.628
3,2012-06-15/2013-06-14,equal_9tf,fwd_20d,0.29142141342163086,0.022026879712939262,0.016605371609330177,0.5512731671333313,0.696
3,2012-06-15/2013-06-14,equal_9tf,fwd_60d,0.5469616651535034,0.08109723031520844,0.06470946967601776,1.518447995185852,0.936
3,2012-06-15/2013-06-14,equal_9tf,fwd_120d,0.8213040828704834,0.1786862164735794,0.13795383274555206,2.762887477874756,1.0
3,2012-06-15/2013-06-14,equal_9tf,fwd_250d,0.8897840976715088,0.3677770793437958,0.2573989927768707,4.025506496429443,1.0
3,2012-06-15/2013-06-14,equal_4tf_short,fwd_5d,0.039886631071567535,0.005393281113356352,0.0010567082790657878,0.24472084641456604,0.628
3,2012-06-15/2013-06-14,equal_4tf_short,fwd_20d,0.20670387148857117,0.02168947272002697,0.010614213533699512,0.5746901035308838,0.72
3,2012-06-15/2013-06-14,equal_4tf_short,fwd_60d,0.4307670295238495,0.07691198587417603,0.04606746509671211,1.3097443580627441,0.92
3,2012-06-15/2013-06-14,equal_4tf_short,fwd_120d,0.6203012466430664,0.17143844068050385,0.10153282433748245,2.3179843425750732,0.988
3,2012-06-15/2013-06-14,equal_4tf_short,fwd_250d,0.6310021281242371,0.35263296961784363,0.18217694759368896,2.8355798721313477,0.996
3,2012-06-15/2013-06-14,long_biased,fwd_5d,0.187830850481987,0.006328145042061806,0.006693693343549967,0.25783342123031616,0.652
3,2012-06-15/2013-06-14,long_biased,fwd_20d,0.4292649030685425,0.02748582512140274,0.030049029737710953,0.6371473670005798,0.732
3,2012-06-15/2013-06-14,long_biased,fwd_60d,0.6670352816581726,0.08985606580972672,0.09095890820026398,1.534714937210083,0.968
3,2012-06-15/2013-06-14,long_biased,fwd_120d,0.9522398114204407,0.19161254167556763,0.19120752811431885,2.455864667892456,0.988
3,2012-06-15/2013-06-14,long_biased,fwd_250d,1.0792030096054077,0.403207004070282,0.35545164346694946,3.8171310424804688,1.0
4,2013-06-15/2014-06-14,opt,fwd_5d,-0.0026691609527915716,0.005242507439106703,-6.83233083691448e-05,0.22427910566329956,0.5936254980079682
4,2013-06-15/2014-06-14,opt,fwd_20d,-0.012736151926219463,0.018918264657258987,-0.0005476622027345002,0.46887239813804626,0.7211155378486056
4,2013-06-15/2014-06-14,opt,fwd_60d,0.26996171474456787,0.05586111173033714,0.019849054515361786,0.9295007586479187,0.8326693227091634
4,2013-06-15/2014-06-14,opt,fwd_120d,0.8817451596260071,0.09713460505008698,0.08772464841604233,1.0647395849227905,0.9043824701195219
4,2013-06-15/2014-06-14,opt,fwd_250d,1.0206615924835205,0.15404486656188965,0.14760562777519226,1.4292633533477783,0.896414342629482
4,2013-06-15/2014-06-14,live_4tf,fwd_5d,-0.06730999797582626,0.0032485229894518852,-0.00147978775203228,0.1702112853527069,0.6055776892430279
4,2013-06-15/2014-06-14,live_4tf,fwd_20d,-0.15972569584846497,0.01285848394036293,-0.006942330859601498,0.4052543640136719,0.7051792828685259
4,2013-06-15/2014-06-14,live_4tf,fwd_60d,-0.22859929502010345,0.03602049872279167,-0.01639438606798649,0.6358392834663391,0.7450199203187251
4,2013-06-15/2014-06-14,live_4tf,fwd_120d,0.17214880883693695,0.07236400246620178,0.016402844339609146,0.9112973213195801,0.8565737051792829
4,2013-06-15/2014-06-14,live_4tf,fwd_250d,0.12516029179096222,0.12156833708286285,0.023360202088952065,1.1537954807281494,0.8645418326693227
4,2013-06-15/2014-06-14,equal_9tf,fwd_5d,0.046902045607566833,0.005754350684583187,0.001135372556746006,0.25114965438842773,0.6055776892430279
4,2013-06-15/2014-06-14,equal_9tf,fwd_20d,-0.018204407766461372,0.018900422379374504,-0.0007759399013593793,0.49054887890815735,0.7250996015936255
4,2013-06-15/2014-06-14,equal_9tf,fwd_60d,0.26010990142822266,0.05473403260111809,0.018411220982670784,0.9313073754310608,0.8326693227091634
4,2013-06-15/2014-06-14,equal_9tf,fwd_120d,0.8032705783843994,0.09399432688951492,0.07976169139146805,1.0264326333999634,0.8645418326693227
4,2013-06-15/2014-06-14,equal_9tf,fwd_250d,1.0070406198501587,0.1518373042345047,0.13915544748306274,1.4722447395324707,0.9043824701195219
4,2013-06-15/2014-06-14,equal_4tf_short,fwd_5d,-0.06807895004749298,0.0037822541780769825,-0.001442939625121653,0.19353686273097992,0.6095617529880478
4,2013-06-15/2014-06-14,equal_4tf_short,fwd_20d,-0.1810292899608612,0.013771791942417622,-0.007366732694208622,0.431498259305954,0.7250996015936255
4,2013-06-15/2014-06-14,equal_4tf_short,fwd_60d,-0.2252781242132187,0.03864907845854759,-0.0151863694190979,0.6896191835403442,0.7689243027888446
4,2013-06-15/2014-06-14,equal_4tf_short,fwd_120d,0.21940064430236816,0.07638745754957199,0.01994820311665535,0.9582949876785278,0.8645418326693227
4,2013-06-15/2014-06-14,equal_4tf_short,fwd_250d,0.1543421596288681,0.12635870277881622,0.02790764905512333,1.231719970703125,0.8645418326693227
4,2013-06-15/2014-06-14,long_biased,fwd_5d,0.0926695317029953,0.006296856794506311,0.002967267530038953,0.23748642206192017,0.6095617529880478
4,2013-06-15/2014-06-14,long_biased,fwd_20d,0.1193634420633316,0.021214785054326057,0.007143593393266201,0.44593629240989685,0.7051792828685259
4,2013-06-15/2014-06-14,long_biased,fwd_60d,0.5192742347717285,0.06232130900025368,0.042706940323114395,0.9136804342269897,0.8127490039840638
4,2013-06-15/2014-06-14,long_biased,fwd_120d,1.0440579652786255,0.1006837785243988,0.12035462260246277,0.9988396763801575,0.8685258964143426
4,2013-06-15/2014-06-14,long_biased,fwd_250d,2.005667209625244,0.16554392874240875,0.2168044000864029,1.5305496454238892,0.9840637450199203
5,2014-06-15/2015-06-14,opt,fwd_5d,0.05415889248251915,0.0016022322233766317,0.0018893149681389332,0.07227282971143723,0.601593625498008
5,2014-06-15/2015-06-14,opt,fwd_20d,0.16681785881519318,0.008766831830143929,0.010279218666255474,0.20618951320648193,0.649402390438247
5,2014-06-15/2015-06-14,opt,fwd_60d,0.7534833550453186,0.03268715366721153,0.06882920861244202,0.5354035496711731,0.7250996015936255
5,2014-06-15/2015-06-14,opt,fwd_120d,1.1894340515136719,0.04829617962241173,0.13375991582870483,0.461243599653244,0.5976095617529881
5,2014-06-15/2015-06-14,opt,fwd_250d,1.0098645687103271,-0.0012926884228363633,0.16941045224666595,-0.009161894209682941,0.5577689243027888
5,2014-06-15/2015-06-14,live_4tf,fwd_5d,0.015798473730683327,0.00042468690662644804,0.0005708847311325371,0.02535223215818405,0.5298804780876494
5,2014-06-15/2015-06-14,live_4tf,fwd_20d,0.005380758084356785,0.0005564423627220094,0.00031116188620217144,0.018527327105402946,0.5258964143426295
5,2014-06-15/2015-06-14,live_4tf,fwd_60d,0.2616806924343109,0.0056175123900175095,0.026029765605926514,0.08684343099594116,0.5816733067729084
5,2014-06-15/2015-06-14,live_4tf,fwd_120d,0.2678382098674774,-0.0027199171017855406,0.03518084064126015,-0.025487950071692467,0.5099601593625498
5,2014-06-15/2015-06-14,live_4tf,fwd_250d,0.42403388023376465,-0.04166596755385399,0.08197177946567535,-0.30708441138267517,0.4302788844621514
5,2014-06-15/2015-06-14,equal_9tf,fwd_5d,0.02593114785850048,0.0012846739264205098,0.0008752422290854156,0.06659720093011856,0.6254980079681275
5,2014-06-15/2015-06-14,equal_9tf,fwd_20d,0.13229487836360931,0.008054608479142189,0.007764600683003664,0.22489595413208008,0.6733067729083665
5,2014-06-15/2015-06-14,equal_9tf,fwd_60d,0.6034287810325623,0.02962452545762062,0.05689072608947754,0.4931812584400177,0.7211155378486056
5,2014-06-15/2015-06-14,equal_9tf,fwd_120d,0.8444623351097107,0.03476741537451744,0.0981689840555191,0.35874009132385254,0.5976095617529881
5,2014-06-15/2015-06-14,equal_9tf,fwd_250d,0.8318740129470825,-0.005163432098925114,0.14580503106117249,-0.04071573168039322,0.5298804780876494
5,2014-06-15/2015-06-14,equal_4tf_short,fwd_5d,0.012394266203045845,0.00045104906894266605,0.000441280979430303,0.027111351490020752,0.5418326693227091
5,2014-06-15/2015-06-14,equal_4tf_short,fwd_20d,0.021923739463090897,0.001263872836716473,0.0012710274895653129,0.04166583716869354,0.5577689243027888
5,2014-06-15/2015-06-14,equal_4tf_short,fwd_60d,0.26224276423454285,0.007713568862527609,0.026962682604789734,0.11528322845697403,0.5936254980079682
5,2014-06-15/2015-06-14,equal_4tf_short,fwd_120d,0.2850324809551239,0.0014756646705791354,0.03743519261479378,0.01368633471429348,0.5298804780876494
5,2014-06-15/2015-06-14,equal_4tf_short,fwd_250d,0.45349493622779846,-0.03649231418967247,0.08925096690654755,-0.2632502615451813,0.44621513944223107
5,2014-06-15/2015-06-14,long_biased,fwd_5d,0.03129227086901665,0.002333684591576457,0.0010949192801490426,0.10019230097532272,0.6254980079681275
5,2014-06-15/2015-06-14,long_biased,fwd_20d,0.15743477642536163,0.011153943836688995,0.009945441037416458,0.26047131419181824,0.6852589641434262
5,2014-06-15/2015-06-14,long_biased,fwd_60d,0.621162474155426,0.03538812696933746,0.05978112667798996,0.5557300448417664,0.7330677290836654
5,2014-06-15/2015-06-14,long_biased,fwd_120d,1.1269609928131104,0.05035517364740372,0.12085790932178497,0.4998333156108856,0.601593625498008
5,2014-06-15/2015-06-14,long_biased,fwd_250d,0.9850794076919556,-0.0013962057419121265,0.16423317790031433,-0.010553336702287197,0.5617529880478087
6,2015-06-15/2016-06-14,opt,fwd_5d,-0.08112872391939163,-0.0039070784114301205,-0.004220923874527216,-0.17491838335990906,0.5059288537549407
6,2015-06-15/2016-06-14,opt,fwd_20d,0.004272182937711477,-0.007765281945466995,0.00038670646608807147,-0.18638120591640472,0.525691699604743
6,2015-06-15/2016-06-14,opt,fwd_60d,-0.23769429326057434,-0.014452545903623104,-0.036482710391283035,-0.17381009459495544,0.466403162055336
6,2015-06-15/2016-06-14,opt,fwd_120d,-0.3204636871814728,-0.008890947327017784,-0.07218585163354874,-0.09449481964111328,0.47035573122529645
6,2015-06-15/2016-06-14,opt,fwd_250d,-0.6413328647613525,0.06166044622659683,-0.2033061683177948,0.4855559170246124,0.6996047430830039
6,2015-06-15/2016-06-14,live_4tf,fwd_5d,-0.06560425460338593,-0.003599434392526746,-0.00331099983304739,-0.13177745044231415,0.5019762845849802
6,2015-06-15/2016-06-14,live_4tf,fwd_20d,-0.0016606963472440839,-0.007644807454198599,-0.00014153358642943203,-0.14882494509220123,0.4505928853754941
6,2015-06-15/2016-06-14,live_4tf,fwd_60d,-0.12631261348724365,-0.010059645399451256,-0.018014026805758476,-0.09558868408203125,0.42292490118577075
6,2015-06-15/2016-06-14,live_4tf,fwd_120d,0.0856129601597786,0.02954704314470291,0.017857534810900688,0.2146366685628891,0.5177865612648221
6,2015-06-15/2016-06-14,live_4tf,fwd_250d,-0.2865956127643585,0.0780150517821312,-0.09151799231767654,0.4533303380012512,0.6324110671936759
6,2015-06-15/2016-06-14,equal_9tf,fwd_5d,-0.06687436997890472,-0.0037088373210281134,-0.003696887055411935,-0.17068035900592804,0.4743083003952569
6,2015-06-15/2016-06-14,equal_9tf,fwd_20d,0.022814515978097916,-0.005772507283836603,0.002092482056468725,-0.14823897182941437,0.5019762845849802
6,2015-06-15/2016-06-14,equal_9tf,fwd_60d,-0.14420709013938904,-0.007709041237831116,-0.02159564569592476,-0.08954794704914093,0.4189723320158103
6,2015-06-15/2016-06-14,equal_9tf,fwd_120d,-0.1929073929786682,0.0011280459584668279,-0.04062861204147339,0.011860697530210018,0.4782608695652174
6,2015-06-15/2016-06-14,equal_9tf,fwd_250d,-0.5827736854553223,0.05967586860060692,-0.1815158873796463,0.43531957268714905,0.6561264822134387
6,2015-06-15/2016-06-14,equal_4tf_short,fwd_5d,-0.06756714731454849,-0.0033063008449971676,-0.003505846718326211,-0.12302153557538986,0.4980237154150198
6,2015-06-15/2016-06-14,equal_4tf_short,fwd_20d,-0.009344913065433502,-0.007316182367503643,-0.0007817429723218083,-0.144344761967659,0.43873517786561267
6,2015-06-15/2016-06-14,equal_4tf_short,fwd_60d,-0.16245637834072113,-0.011624741367995739,-0.02269040048122406,-0.11214488744735718,0.42292490118577075
6,2015-06-15/2016-06-14,equal_4tf_short,fwd_120d,0.06302224844694138,0.029048120602965355,0.01267782598733902,0.21559622883796692,0.5019762845849802
6,2015-06-15/2016-06-14,equal_4tf_short,fwd_250d,-0.34558138251304626,0.07371338456869125,-0.10850182920694351,0.43900761008262634,0.6561264822134387
6,2015-06-15/2016-06-14,long_biased,fwd_5d,-0.027504973113536835,-0.0020465622656047344,-0.0015549820382148027,-0.09067606180906296,0.5177865612648221
6,2015-06-15/2016-06-14,long_biased,fwd_20d,0.0313388854265213,-0.0044457619078457355,0.003097780980169773,-0.10729284584522247,0.5296442687747036
6,2015-06-15/2016-06-14,long_biased,fwd_60d,-0.2404819279909134,-0.011099428869783878,-0.041702382266521454,-0.12473829835653305,0.45849802371541504
6,2015-06-15/2016-06-14,long_biased,fwd_120d,-0.44096627831459045,-0.014135820791125298,-0.09643706679344177,-0.14299924671649933,0.4743083003952569
6,2015-06-15/2016-06-14,long_biased,fwd_250d,-0.8662431836128235,0.05152017995715141,-0.2736493945121765,0.37524840235710144,0.6877470355731226
7,2016-06-15/2017-06-14,opt,fwd_5d,-0.008665031753480434,0.003095208667218685,-0.0002719596668612212,0.12925401329994202,0.5555555555555556
7,2016-06-15/2017-06-14,opt,fwd_20d,0.004452966153621674,0.01316775381565094,0.00023977340606506914,0.3069693148136139,0.626984126984127
7,2016-06-15/2017-06-14,opt,fwd_60d,0.2692844867706299,0.039335448294878006,0.025562018156051636,0.6139466762542725,0.7857142857142857
7,2016-06-15/2017-06-14,opt,fwd_120d,0.6410894989967346,0.10128387808799744,0.0833292007446289,1.3336292505264282,0.9007936507936508
7,2016-06-15/2017-06-14,opt,fwd_250d,1.4871472120285034,0.2542915940284729,0.20314140617847443,3.3479301929473877,1.0
7,2016-06-15/2017-06-14,live_4tf,fwd_5d,-0.1258288323879242,0.0009746380965225399,-0.003429119009524584,0.05362413823604584,0.5476190476190477
7,2016-06-15/2017-06-14,live_4tf,fwd_20d,-0.20788133144378662,0.0075545767322182655,-0.011708475649356842,0.19514279067516327,0.5634920634920635
7,2016-06-15/2017-06-14,live_4tf,fwd_60d,0.04662005975842476,0.03444904088973999,0.003887439612299204,0.6750606298446655,0.7182539682539683
7,2016-06-15/2017-06-14,live_4tf,fwd_120d,0.17929798364639282,0.07913389056921005,0.026265481486916542,1.069939374923706,0.876984126984127
7,2016-06-15/2017-06-14,live_4tf,fwd_250d,0.39329537749290466,0.1977594494819641,0.07944207638502121,1.810524344444275,0.9563492063492064
7,2016-06-15/2017-06-14,equal_9tf,fwd_5d,0.004612568765878677,0.003736564191058278,0.00012353406054899096,0.18535278737545013,0.5674603174603174
7,2016-06-15/2017-06-14,equal_9tf,fwd_20d,-0.019924579188227654,0.015534209087491035,-0.0010131493909284472,0.39290502667427063,0.6428571428571429
7,2016-06-15/2017-06-14,equal_9tf,fwd_60d,0.2678345739841461,0.044835057109594345,0.021881334483623505,0.8146380186080933,0.8333333333333334
7,2016-06-15/2017-06-14,equal_9tf,fwd_120d,0.4828502833843231,0.101535864174366,0.06624868512153625,1.3767890930175781,0.9047619047619048
7,2016-06-15/2017-06-14,equal_9tf,fwd_250d,0.9894960522651672,0.2506577968597412,0.16763725876808167,2.8496477603912354,0.9880952380952381
7,2016-06-15/2017-06-14,equal_4tf_short,fwd_5d,-0.1070455014705658,0.0014355878811329603,-0.0029567773453891277,0.07644125819206238,0.5436507936507936
7,2016-06-15/2017-06-14,equal_4tf_short,fwd_20d,-0.17219848930835724,0.009154477156698704,-0.009834560565650463,0.22846296429634094,0.5833333333333334
7,2016-06-15/2017-06-14,equal_4tf_short,fwd_60d,0.07736162841320038,0.036773912608623505,0.006264185067266226,0.7100779414176941,0.7420634920634921
7,2016-06-15/2017-06-14,equal_4tf_short,fwd_120d,0.21958421170711517,0.0833449438214302,0.03211164474487305,1.0997885465621948,0.8650793650793651
7,2016-06-15/2017-06-14,equal_4tf_short,fwd_250d,0.45684099197387695,0.2091379016637802,0.09221413731575012,1.9097394943237305,0.9523809523809523
7,2016-06-15/2017-06-14,long_biased,fwd_5d,0.02636781707406044,0.004381166771054268,0.0007994563784450293,0.19647152721881866,0.5555555555555556
7,2016-06-15/2017-06-14,long_biased,fwd_20d,0.06332778930664062,0.016046565026044846,0.0033181970939040184,0.4011235237121582,0.6468253968253969
7,2016-06-15/2017-06-14,long_biased,fwd_60d,0.25036299228668213,0.03944256901741028,0.023258212953805923,0.632880449295044,0.8055555555555556
7,2016-06-15/2017-06-14,long_biased,fwd_120d,0.6389693021774292,0.10803407430648804,0.08641607314348221,1.3475061655044556,0.8571428571428571
7,2016-06-15/2017-06-14,long_biased,fwd_250d,1.610249400138855,0.2665702998638153,0.21335174143314362,3.000087261199951,1.0
8,2017-06-15/2018-06-14,opt,fwd_5d,0.12220916152000427,0.00588857801631093,0.0029045508708804846,0.25897499918937683,0.6825396825396826
8,2017-06-15/2018-06-14,opt,fwd_20d,0.09860529750585556,0.017175735905766487,0.0046850405633449554,0.4333532750606537,0.7341269841269841
8,2017-06-15/2018-06-14,opt,fwd_60d,0.501249372959137,0.05732540786266327,0.02975042350590229,1.0370779037475586,0.876984126984127
8,2017-06-15/2018-06-14,opt,fwd_120d,0.5983465313911438,0.09364945441484451,0.05341918021440506,1.032964825630188,0.8531746031746031
8,2017-06-15/2018-06-14,opt,fwd_250d,0.20993830263614655,0.06669510900974274,0.02892400696873665,0.4708591401576996,0.6825396825396826
8,2017-06-15/2018-06-14,live_4tf,fwd_5d,0.013671929948031902,0.005132661666721106,0.00030930343200452626,0.256614089012146,0.6468253968253969
8,2017-06-15/2018-06-14,live_4tf,fwd_20d,-0.14232662320137024,0.011711294762790203,-0.006412964779883623,0.3105028569698334,0.7261904761904762
8,2017-06-15/2018-06-14,live_4tf,fwd_60d,0.07868938893079758,0.04320212081074715,0.004926464986056089,0.8327722549438477,0.8293650793650794
8,2017-06-15/2018-06-14,live_4tf,fwd_120d,0.32825249433517456,0.07653345167636871,0.027170278131961823,0.9093714356422424,0.8214285714285714
8,2017-06-15/2018-06-14,live_4tf,fwd_250d,0.062478549778461456,0.05502714589238167,0.008555137552320957,0.39968231320381165,0.6468253968253969
8,2017-06-15/2018-06-14,equal_9tf,fwd_5d,0.12142887711524963,0.005855938419699669,0.002878401428461075,0.2578531801700592,0.6865079365079365
8,2017-06-15/2018-06-14,equal_9tf,fwd_20d,0.09676714986562729,0.017096515744924545,0.004587231203913689,0.432074636220932,0.7341269841269841
8,2017-06-15/2018-06-14,equal_9tf,fwd_60d,0.5005655884742737,0.057263802736997604,0.029672181233763695,1.0368071794509888,0.873015873015873
8,2017-06-15/2018-06-14,equal_9tf,fwd_120d,0.5954567193984985,0.09349104762077332,0.053364694118499756,1.0296525955200195,0.8531746031746031
8,2017-06-15/2018-06-14,equal_9tf,fwd_250d,0.2108849585056305,0.06653521955013275,0.02904660627245903,0.4700213372707367,0.6825396825396826
8,2017-06-15/2018-06-14,equal_4tf_short,fwd_5d,-0.013536183163523674,0.00468058604747057,-0.0002960425044875592,0.23208706080913544,0.6706349206349206
8,2017-06-15/2018-06-14,equal_4tf_short,fwd_20d,-0.1491125524044037,0.01159173995256424,-0.006543155759572983,0.30481085181236267,0.7341269841269841
8,2017-06-15/2018-06-14,equal_4tf_short,fwd_60d,0.10871593654155731,0.04401411861181259,0.0067490218207240105,0.8420448303222656,0.8492063492063492
8,2017-06-15/2018-06-14,equal_4tf_short,fwd_120d,0.4108227789402008,0.08009270578622818,0.03302924707531929,0.9579089283943176,0.8373015873015873
8,2017-06-15/2018-06-14,equal_4tf_short,fwd_250d,0.08872481435537338,0.056702300906181335,0.012169637717306614,0.4125610291957855,0.6388888888888888
8,2017-06-15/2018-06-14,long_biased,fwd_5d,0.10881714522838593,0.005997673608362675,0.0033178513403981924,0.22586743533611298,0.6626984126984127
8,2017-06-15/2018-06-14,long_biased,fwd_20d,0.20497839152812958,0.021032284945249557,0.010243378579616547,0.48146647214889526,0.7222222222222222
8,2017-06-15/2018-06-14,long_biased,fwd_60d,0.7034527063369751,0.0672377422451973,0.04515865445137024,1.0758655071258545,0.873015873015873
8,2017-06-15/2018-06-14,long_biased,fwd_120d,0.6847091317176819,0.10715021193027496,0.07268542796373367,1.0189112424850464,0.8333333333333334
8,2017-06-15/2018-06-14,long_biased,fwd_250d,0.35098785161972046,0.08921640366315842,0.05236809700727463,0.5742500424385071,0.7261904761904762
9,2018-06-15/2019-06-14,opt,fwd_5d,-0.11399077624082565,-0.002232559025287628,-0.004606958478689194,-0.09023841470479965,0.5418326693227091
9,2018-06-15/2019-06-14,opt,fwd_20d,-0.1545882225036621,-0.003673260798677802,-0.012059601955115795,-0.061893705278635025,0.5776892430278885
9,2018-06-15/2019-06-14,opt,fwd_60d,-0.015516572631895542,0.0017201966838911176,-0.002159097697585821,0.01714739017188549,0.601593625498008
9,2018-06-15/2019-06-14,opt,fwd_120d,0.21678020060062408,0.01982473023235798,0.030357923358678818,0.20420829951763153,0.5776892430278885
9,2018-06-15/2019-06-14,opt,fwd_250d,0.4473109841346741,0.07311336696147919,0.10415364801883698,0.552178144454956,0.7131474103585658
9,2018-06-15/2019-06-14,live_4tf,fwd_5d,-0.07129424065351486,-0.0019602517131716013,-0.0027234083972871304,-0.09273510426282883,0.50199203187251
9,2018-06-15/2019-06-14,live_4tf,fwd_20d,-0.12980984151363373,-0.004225737415254116,-0.00884406641125679,-0.07710377871990204,0.545816733067729
9,2018-06-15/2019-06-14,live_4tf,fwd_60d,-0.12549591064453125,-0.015961013734340668,-0.01420946978032589,-0.17436130344867706,0.4541832669322709
9,2018-06-15/2019-06-14,live_4tf,fwd_120d,-0.0754937157034874,-0.010832549072802067,-0.0093937823548913,-0.11271748691797256,0.44223107569721115
9,2018-06-15/2019-06-14,live_4tf,fwd_250d,0.08610048145055771,0.019879858940839767,0.019049368798732758,0.12501853704452515,0.5617529880478087
9,2018-06-15/2019-06-14,equal_9tf,fwd_5d,-0.09491139650344849,-0.0020044874399900436,-0.0035137597005814314,-0.08070430904626846,0.5617529880478087
9,2018-06-15/2019-06-14,equal_9tf,fwd_20d,-0.13685092329978943,-0.003397300373762846,-0.01004231721162796,-0.05744224786758423,0.5936254980079682
9,2018-06-15/2019-06-14,equal_9tf,fwd_60d,-0.005038058385252953,0.001121585606597364,-0.0006372482166625559,0.011251564137637615,0.5936254980079682
9,2018-06-15/2019-06-14,equal_9tf,fwd_120d,0.24425624310970306,0.021561874076724052,0.03172757104039192,0.21943582594394684,0.5697211155378487
9,2018-06-15/2019-06-14,equal_9tf,fwd_250d,0.44436079263687134,0.07939029484987259,0.10194679349660873,0.598771870136261,0.7450199203187251
9,2018-06-15/2019-06-14,equal_4tf_short,fwd_5d,-0.07315164804458618,-0.0021478270646184683,-0.0028606595005840063,-0.10265021026134491,0.5219123505976095
9,2018-06-15/2019-06-14,equal_4tf_short,fwd_20d,-0.13980339467525482,-0.0046224091202020645,-0.0096817035228014,-0.08311735093593597,0.5537848605577689
9,2018-06-15/2019-06-14,equal_4tf_short,fwd_60d,-0.14759579300880432,-0.01653270237147808,-0.01655418612062931,-0.18381869792938232,0.44621513944223107
9,2018-06-15/2019-06-14,equal_4tf_short,fwd_120d,-0.07592330873012543,-0.00993383303284645,-0.009326755069196224,-0.10368272662162781,0.42231075697211157
9,2018-06-15/2019-06-14,equal_4tf_short,fwd_250d,0.08238141238689423,0.021210525184869766,0.017985550686717033,0.13873183727264404,0.5657370517928287
9,2018-06-15/2019-06-14,long_biased,fwd_5d,-0.07124137133359909,-0.0009770930046215653,-0.002476545050740242,-0.03206821158528328,0.5936254980079682
9,2018-06-15/2019-06-14,long_biased,fwd_20d,-0.08958184719085693,0.0004936052719131112,-0.006423627026379108,0.007816310971975327,0.6055776892430279
9,2018-06-15/2019-06-14,long_biased,fwd_60d,0.05980246514081955,0.013057642616331577,0.007835839875042439,0.12276370078325272,0.6533864541832669
9,2018-06-15/2019-06-14,long_biased,fwd_120d,0.38493812084198,0.034750450402498245,0.053227972239255905,0.3279253840446472,0.601593625498008
9,2018-06-15/2019-06-14,long_biased,fwd_250d,0.8906731605529785,0.10560112446546555,0.17229503393173218,0.824211597442627,0.8167330677290837
10,2019-06-15/2020-06-14,opt,fwd_5d,-0.019084008410573006,-4.4968677684664726e-05,-0.002203701762482524,-0.0011870269663631916,0.5936254980079682
10,2019-06-15/2020-06-14,opt,fwd_20d,-0.04957551881670952,0.0029302986804395914,-0.0085598174482584,0.03175756335258484,0.6653386454183267
10,2019-06-15/2020-06-14,opt,fwd_60d,-0.18566358089447021,0.01932154968380928,-0.06575828045606613,0.11204172670841217,0.5099601593625498
10,2019-06-15/2020-06-14,opt,fwd_120d,0.2434270977973938,0.09600739926099777,0.08592637628316879,0.4940165579319,0.6932270916334662
10,2019-06-15/2020-06-14,opt,fwd_250d,0.09450717270374298,0.4417291581630707,0.09154456108808517,1.4455900192260742,0.9641434262948207
10,2019-06-15/2020-06-14,live_4tf,fwd_5d,-0.007883712649345398,0.0026647504419088364,-0.0010187929728999734,0.054660163819789886,0.601593625498008
10,2019-06-15/2020-06-14,live_4tf,fwd_20d,-0.05268142744898796,-0.0002761674695648253,-0.01017733197659254,-0.002527958480641246,0.5856573705179283
10,2019-06-15/2020-06-14,live_4tf,fwd_60d,-0.20225739479064941,0.0057679712772369385,-0.07313021272420883,0.026681505143642426,0.5298804780876494
10,2019-06-15/2020-06-14,live_4tf,fwd_120d,0.049510616809129715,0.06794484704732895,0.01992637850344181,0.2694963812828064,0.6095617529880478
10,2019-06-15/2020-06-14,live_4tf,fwd_250d,0.05189722031354904,0.4071752727031708,0.04660080373287201,0.9945856928825378,0.8685258964143426
10,2019-06-15/2020-06-14,equal_9tf,fwd_5d,-0.003616863861680031,0.0009002651204355061,-0.0004287744523026049,0.02357173152267933,0.5976095617529881
10,2019-06-15/2020-06-14,equal_9tf,fwd_20d,-0.02585781365633011,0.002421481302008033,-0.004365062341094017,0.02604871802031994,0.6334661354581673
10,2019-06-15/2020-06-14,equal_9tf,fwd_60d,-0.16317367553710938,0.021252255886793137,-0.0586448572576046,0.11686312407255173,0.5258964143426295
10,2019-06-15/2020-06-14,equal_9tf,fwd_120d,0.197356179356575,0.08912647515535355,0.07254144549369812,0.4275156855583191,0.6892430278884463
10,2019-06-15/2020-06-14,equal_9tf,fwd_250d,0.10817869007587433,0.4248218536376953,0.1015709936618805,1.3114086389541626,0.9442231075697212
10,2019-06-15/2020-06-14,equal_4tf_short,fwd_5d,-0.0014061534311622381,0.003222837345674634,-0.0001836542651290074,0.06670720875263214,0.5976095617529881
10,2019-06-15/2020-06-14,equal_4tf_short,fwd_20d,-0.05309653654694557,-0.0005602197488769889,-0.010230282321572304,-0.005102073308080435,0.601593625498008
10,2019-06-15/2020-06-14,equal_4tf_short,fwd_60d,-0.22005417943000793,0.006263784132897854,-0.08052345365285873,0.028567425906658173,0.5298804780876494
10,2019-06-15/2020-06-14,equal_4tf_short,fwd_120d,0.038744423538446426,0.06602037698030472,0.015399927273392677,0.2640650272369385,0.6135458167330677
10,2019-06-15/2020-06-14,equal_4tf_short,fwd_250d,0.035143040120601654,0.4062657952308655,0.03184019774198532,1.0130592584609985,0.8884462151394422
10,2019-06-15/2020-06-14,long_biased,fwd_5d,-0.005160284228622913,0.0004304942849557847,-0.0005815605982206762,0.011808752082288265,0.5936254980079682
10,2019-06-15/2020-06-14,long_biased,fwd_20d,-0.09721819311380386,0.004475013818591833,-0.0174962617456913,0.052819687873125076,0.6772908366533864
10,2019-06-15/2020-06-14,long_biased,fwd_60d,-0.2505342364311218,0.0156111354008317,-0.09338872134685516,0.09554490447044373,0.5298804780876494
10,2019-06-15/2020-06-14,long_biased,fwd_120d,0.24015438556671143,0.1045558750629425,0.08460820466279984,0.552911639213562,0.7410358565737052
10,2019-06-15/2020-06-14,long_biased,fwd_250d,0.08015762269496918,0.48166683316230774,0.08504417538642883,1.4363913536071777,0.9641434262948207
11,2020-06-15/2021-06-14,opt,fwd_5d,0.19344280660152435,0.015683745965361595,0.011422112584114075,0.3157924711704254,0.6468253968253969
11,2020-06-15/2021-06-14,opt,fwd_20d,0.24624335765838623,0.04615291580557823,0.03410598263144493,0.4900529980659485,0.6507936507936508
11,2020-06-15/2021-06-14,opt,fwd_60d,0.36762288212776184,0.1356286257505417,0.0863242894411087,0.7593941688537598,0.7777777777777778
11,2020-06-15/2021-06-14,opt,fwd_120d,0.1333506852388382,0.24613706767559052,0.05792499706149101,1.0476248264312744,0.8809523809523809
11,2020-06-15/2021-06-14,opt,fwd_250d,0.0237085223197937,0.2782737612724304,0.01610233262181282,0.8264757990837097,0.7658730158730159
11,2020-06-15/2021-06-14,live_4tf,fwd_5d,0.05615491047501564,0.013157844543457031,0.0033036035019904375,0.28191280364990234,0.623015873015873
11,2020-06-15/2021-06-14,live_4tf,fwd_20d,0.11972284317016602,0.04294104129076004,0.01317203976213932,0.5018599629402161,0.7222222222222222
11,2020-06-15/2021-06-14,live_4tf,fwd_60d,0.2534486651420593,0.1370958387851715,0.056084051728248596,0.7807047963142395,0.7857142857142857
11,2020-06-15/2021-06-14,live_4tf,fwd_120d,0.17480136454105377,0.2654050588607788,0.0607808418571949,1.0677858591079712,0.8373015873015873
11,2020-06-15/2021-06-14,live_4tf,fwd_250d,0.16224788129329681,0.3309080898761749,0.09829874336719513,0.9669908881187439,0.8214285714285714
11,2020-06-15/2021-06-14,equal_9tf,fwd_5d,0.17981114983558655,0.014558212831616402,0.010421722196042538,0.2954055666923523,0.6468253968253969
11,2020-06-15/2021-06-14,equal_9tf,fwd_20d,0.22324933111667633,0.04555260017514229,0.030578624457120895,0.4709243178367615,0.6507936507936508
11,2020-06-15/2021-06-14,equal_9tf,fwd_60d,0.36591827869415283,0.13412588834762573,0.08668545633554459,0.7599287629127502,0.7817460317460317
11,2020-06-15/2021-06-14,equal_9tf,fwd_120d,0.24832001328468323,0.2434014528989792,0.09031704813241959,1.107857346534729,0.873015873015873
11,2020-06-15/2021-06-14,equal_9tf,fwd_250d,0.16484293341636658,0.2745993435382843,0.08450983464717865,0.8621015548706055,0.7777777777777778
11,2020-06-15/2021-06-14,equal_4tf_short,fwd_5d,0.07279180735349655,0.013492826372385025,0.004215274006128311,0.28775015473365784,0.6428571428571429
11,2020-06-15/2021-06-14,equal_4tf_short,fwd_20d,0.13541173934936523,0.04281904548406601,0.01460864208638668,0.5065761804580688,0.6865079365079365
11,2020-06-15/2021-06-14,equal_4tf_short,fwd_60d,0.27046820521354675,0.13859279453754425,0.060456134378910065,0.7815030217170715,0.7857142857142857
11,2020-06-15/2021-06-14,equal_4tf_short,fwd_120d,0.2412545084953308,0.26683223247528076,0.08008939772844315,1.0692431926727295,0.8492063492063492
11,2020-06-15/2021-06-14,equal_4tf_short,fwd_250d,0.2738337218761444,0.33615806698799133,0.14503887295722961,0.9792876839637756,0.8174603174603174
11,2020-06-15/2021-06-14,long_biased,fwd_5d,0.2854650616645813,0.019975772127509117,0.020745277404785156,0.33777856826782227,0.623015873015873
11,2020-06-15/2021-06-14,long_biased,fwd_20d,0.455363005399704,0.07407470792531967,0.07442520558834076,0.6124750375747681,0.6904761904761905
11,2020-06-15/2021-06-14,long_biased,fwd_60d,0.6451417207717896,0.18406735360622406,0.16280975937843323,0.789084255695343,0.7698412698412699
11,2020-06-15/2021-06-14,long_biased,fwd_120d,0.5136333703994751,0.2963220775127411,0.19183053076267242,1.2074542045593262,0.9047619047619048
11,2020-06-15/2021-06-14,long_biased,fwd_250d,0.2999654710292816,0.28569281101226807,0.13412293791770935,0.8580685257911682,0.7658730158730159
12,2021-06-15/2022-06-14,opt,fwd_5d,0.16553379595279694,0.0032424686942249537,0.008835289627313614,0.07267989963293076,0.5612648221343873
12,2021-06-15/2022-06-14,opt,fwd_20d,0.16858485341072083,0.000313885131618008,0.018955329433083534,0.0032661037985235453,0.6007905138339921
12,2021-06-15/2022-06-14,opt,fwd_60d,0.16119803488254547,-0.026087775826454163,0.03032905049622059,-0.198198601603508,0.45454545454545453
12,2021-06-15/2022-06-14,opt,fwd_120d,0.08410505205392838,-0.07543601095676422,0.017926499247550964,-0.4805844724178314,0.308300395256917
12,2021-06-15/2022-06-14,opt,fwd_250d,-0.14759734272956848,-0.14773304760456085,-0.03929821401834488,-0.907924234867096,0.2015810276679842
12,2021-06-15/2022-06-14,live_4tf,fwd_5d,-0.03533267229795456,-0.004624019376933575,-0.0019129703287035227,-0.14020343124866486,0.4901185770750988
12,2021-06-15/2022-06-14,live_4tf,fwd_20d,-0.060028962790966034,-0.01773645170032978,-0.005285921972244978,-0.23381398618221283,0.4624505928853755
12,2021-06-15/2022-06-14,live_4tf,fwd_60d,0.01662515103816986,-0.04689911752939224,0.0024668921250849962,-0.4104028046131134,0.38735177865612647
12,2021-06-15/2022-06-14,live_4tf,fwd_120d,0.2344963550567627,-0.07739060372114182,0.04484046995639801,-0.558068037033081,0.20948616600790515
12,2021-06-15/2022-06-14,live_4tf,fwd_250d,0.08778087794780731,-0.1479140818119049,0.021489668637514114,-1.0296186208724976,0.1541501976284585
12,2021-06-15/2022-06-14,equal_9tf,fwd_5d,0.12500441074371338,0.0008590652723796666,0.0063256327994167805,0.021738719195127487,0.549407114624506
12,2021-06-15/2022-06-14,equal_9tf,fwd_20d,0.19053882360458374,-0.003192989155650139,0.018361197784543037,-0.036690760403871536,0.5968379446640316
12,2021-06-15/2022-06-14,equal_9tf,fwd_60d,0.21595712006092072,-0.02679997868835926,0.03679470345377922,-0.21949194371700287,0.4624505928853755
12,2021-06-15/2022-06-14,equal_9tf,fwd_120d,0.3149486482143402,-0.06254272907972336,0.05908112972974777,-0.4080258309841156,0.31225296442687744
12,2021-06-15/2022-06-14,equal_9tf,fwd_250d,0.04081587493419647,-0.13271211087703705,0.010548376478254795,-0.7992215156555176,0.20948616600790515
12,2021-06-15/2022-06-14,equal_4tf_short,fwd_5d,-0.033198025077581406,-0.004706313833594322,-0.0017729339888319373,-0.14116044342517853,0.4743083003952569
12,2021-06-15/2022-06-14,equal_4tf_short,fwd_20d,-0.04485926777124405,-0.01810009963810444,-0.0038452630396932364,-0.2367173135280609,0.44664031620553357
12,2021-06-15/2022-06-14,equal_4tf_short,fwd_60d,0.04532972350716591,-0.04664677381515503,0.0065930187702178955,-0.41490378975868225,0.40711462450592883
12,2021-06-15/2022-06-14,equal_4tf_short,fwd_120d,0.2522062063217163,-0.07657702267169952,0.04804989695549011,-0.5465818047523499,0.22529644268774704
12,2021-06-15/2022-06-14,equal_4tf_short,fwd_250d,0.09034314006567001,-0.14717315137386322,0.02204580418765545,-1.0348732471466064,0.15019762845849802
12,2021-06-15/2022-06-14,long_biased,fwd_5d,0.18592578172683716,0.003813239047303796,0.010866446420550346,0.07987052947282791,0.5652173913043478
12,2021-06-15/2022-06-14,long_biased,fwd_20d,0.2246398776769638,-0.0040397061966359615,0.02649223618209362,-0.03933526575565338,0.5849802371541502
12,2021-06-15/2022-06-14,long_biased,fwd_60d,0.29471859335899353,-0.021887853741645813,0.05809313431382179,-0.16102451086044312,0.4901185770750988
12,2021-06-15/2022-06-14,long_biased,fwd_120d,0.21382993459701538,-0.07810042053461075,0.041224610060453415,-0.4995753765106201,0.3557312252964427
12,2021-06-15/2022-06-14,long_biased,fwd_250d,-0.048219773918390274,-0.14845196902751923,-0.012139406986534595,-0.9395692944526672,0.18181818181818182
13,2022-06-15/2023-06-14,opt,fwd_5d,-0.18627291917800903,-0.0021766917780041695,-0.0093536963686347,-0.08631336688995361,0.4940239043824701
13,2022-06-15/2023-06-14,opt,fwd_20d,-0.284922331571579,-1.6108451745822094e-05,-0.028341863304376602,-0.0003547535161487758,0.5099601593625498
13,2022-06-15/2023-06-14,opt,fwd_60d,-0.3393491506576538,0.0052192541770637035,-0.04330983757972717,0.10156352818012238,0.4701195219123506
13,2022-06-15/2023-06-14,opt,fwd_120d,-0.36613520979881287,0.0018303366377949715,-0.06298031657934189,0.025157256051898003,0.4820717131474104
13,2022-06-15/2023-06-14,opt,fwd_250d,-0.006396599113941193,0.17499583959579468,-0.002580756787210703,0.8215058445930481,0.7848605577689243
13,2022-06-15/2023-06-14,live_4tf,fwd_5d,-0.11819940060377121,-0.0005766908288933337,-0.005688975099474192,-0.016250723972916603,0.549800796812749
13,2022-06-15/2023-06-14,live_4tf,fwd_20d,-0.18555113673210144,0.005386194679886103,-0.017034035176038742,0.08181191235780716,0.5258964143426295
13,2022-06-15/2023-06-14,live_4tf,fwd_60d,-0.4006364345550537,0.0022862222976982594,-0.048426296561956406,0.026785958558321,0.5059760956175299
13,2022-06-15/2023-06-14,live_4tf,fwd_120d,-0.16847340762615204,0.020405029878020287,-0.02784963883459568,0.23297128081321716,0.545816733067729
13,2022-06-15/2023-06-14,live_4tf,fwd_250d,0.11649682372808456,0.16689340770244598,0.038714513182640076,0.8055745363235474,0.7928286852589641
13,2022-06-15/2023-06-14,equal_9tf,fwd_5d,-0.1502537727355957,-0.0007518247584812343,-0.006955296266824007,-0.03034130483865738,0.5338645418326693
13,2022-06-15/2023-06-14,equal_9tf,fwd_20d,-0.2613293528556824,0.0033866697922348976,-0.024881787598133087,0.07091949880123138,0.545816733067729
13,2022-06-15/2023-06-14,equal_9tf,fwd_60d,-0.37117791175842285,0.005766765214502811,-0.04524100199341774,0.11315704137086868,0.46613545816733065
13,2022-06-15/2023-06-14,equal_9tf,fwd_120d,-0.2991828918457031,0.007866629399359226,-0.051281604915857315,0.11260624974966049,0.5179282868525896
13,2022-06-15/2023-06-14,equal_9tf,fwd_250d,-0.005633802153170109,0.16885590553283691,-0.00213277293369174,0.8521373271942139,0.796812749003984
13,2022-06-15/2023-06-14,equal_4tf_short,fwd_5d,-0.12455497682094574,-0.0005757210310548544,-0.005898298695683479,-0.0161926057189703,0.5418326693227091
13,2022-06-15/2023-06-14,equal_4tf_short,fwd_20d,-0.24159711599349976,0.0031854831613600254,-0.02098200097680092,0.049251701682806015,0.5099601593625498
13,2022-06-15/2023-06-14,equal_4tf_short,fwd_60d,-0.4091300666332245,0.0039048839826136827,-0.050019655376672745,0.04567784443497658,0.5378486055776892
13,2022-06-15/2023-06-14,equal_4tf_short,fwd_120d,-0.18700529634952545,0.0213431715965271,-0.030441096052527428,0.2502446174621582,0.549800796812749
13,2022-06-15/2023-06-14,equal_4tf_short,fwd_250d,0.12165277451276779,0.1736527383327484,0.040094565600156784,0.8248257637023926,0.796812749003984
13,2022-06-15/2023-06-14,long_biased,fwd_5d,-0.22383838891983032,-0.0033623124472796917,-0.012413699179887772,-0.126611590385437,0.47410358565737054
13,2022-06-15/2023-06-14,long_biased,fwd_20d,-0.3559426963329315,-0.004279710818082094,-0.03738903999328613,-0.09852588921785355,0.5338645418326693
13,2022-06-15/2023-06-14,long_biased,fwd_60d,-0.39553552865982056,-0.001146024907939136,-0.053192973136901855,-0.024729525670409203,0.41434262948207173
13,2022-06-15/2023-06-14,long_biased,fwd_120d,-0.39475882053375244,-0.002907553454861045,-0.07118245959281921,-0.03990619257092476,0.47410358565737054
13,2022-06-15/2023-06-14,long_biased,fwd_250d,-0.06096411496400833,0.16691596806049347,-0.023946169763803482,0.8694445490837097,0.7928286852589641
14,2023-06-15/2024-06-14,opt,fwd_5d,0.07012737542390823,0.0034072836861014366,0.0021175791043788195,0.1167779266834259,0.5753968253968254
14,2023-06-15/2024-06-14,opt,fwd_20d,0.15901975333690643,0.012851051054894924,0.009204664267599583,0.21180982887744904,0.5634920634920635
14,2023-06-15/2024-06-14,opt,fwd_60d,0.10174109786748886,0.03135817125439644,0.012721949256956577,0.3022616505622864,0.6111111111111112
14,2023-06-15/2024-06-14,opt,fwd_120d,0.9208816885948181,0.13145262002944946,0.09493541717529297,1.2052546739578247,0.9047619047619048
14,2023-06-15/2024-06-14,opt,fwd_250d,1.4522866010665894,0.2767793536186218,0.2586258053779602,1.6811187267303467,0.9722222222222222
14,2023-06-15/2024-06-14,live_4tf,fwd_5d,0.055881328880786896,0.00359385390765965,0.0017888931324705482,0.1279849410057068,0.5357142857142857
14,2023-06-15/2024-06-14,live_4tf,fwd_20d,0.07478219270706177,0.009966648183763027,0.005401191301643848,0.1492822915315628,0.5
14,2023-06-15/2024-06-14,live_4tf,fwd_60d,-0.1302829384803772,0.01317963469773531,-0.018152225762605667,0.13786880671977997,0.503968253968254
14,2023-06-15/2024-06-14,live_4tf,fwd_120d,0.08325490355491638,0.0820523202419281,0.009641887620091438,0.8494622111320496,0.8095238095238095
14,2023-06-15/2024-06-14,live_4tf,fwd_250d,0.6134896874427795,0.1958923190832138,0.11856681853532791,1.2854578495025635,0.9484126984126984
14,2023-06-15/2024-06-14,equal_9tf,fwd_5d,0.07892896980047226,0.003144447458907962,0.0024209008552134037,0.11357007920742035,0.5674603174603174
14,2023-06-15/2024-06-14,equal_9tf,fwd_20d,0.2590266466140747,0.014732223935425282,0.014337663538753986,0.2582913637161255,0.5753968253968254
14,2023-06-15/2024-06-14,equal_9tf,fwd_60d,0.19303788244724274,0.038599953055381775,0.024518141523003578,0.3877069056034088,0.6468253968253969
14,2023-06-15/2024-06-14,equal_9tf,fwd_120d,1.0427409410476685,0.13634814321994781,0.10429982841014862,1.279485821723938,0.8928571428571429
14,2023-06-15/2024-06-14,equal_9tf,fwd_250d,1.6384363174438477,0.2828018069267273,0.277809739112854,1.7312711477279663,0.9761904761904762
14,2023-06-15/2024-06-14,equal_4tf_short,fwd_5d,0.039550311863422394,0.0031888994853943586,0.0012835023226216435,0.11236798763275146,0.5357142857142857
14,2023-06-15/2024-06-14,equal_4tf_short,fwd_20d,0.07678214460611343,0.010199783369898796,0.005393032915890217,0.15375059843063354,0.5238095238095238
14,2023-06-15/2024-06-14,equal_4tf_short,fwd_60d,-0.1354505717754364,0.013559398241341114,-0.018911899998784065,0.1416734904050827,0.5238095238095238
14,2023-06-15/2024-06-14,equal_4tf_short,fwd_120d,0.08862654119729996,0.08204725384712219,0.010138757526874542,0.8664941787719727,0.7936507936507936
14,2023-06-15/2024-06-14,equal_4tf_short,fwd_250d,0.6558006405830383,0.20124942064285278,0.12564587593078613,1.3201100826263428,0.9444444444444444
14,2023-06-15/2024-06-14,long_biased,fwd_5d,0.18901877105236053,0.005751750431954861,0.006196141708642244,0.18940292298793793,0.6031746031746031
14,2023-06-15/2024-06-14,long_biased,fwd_20d,0.3970814347267151,0.01891176961362362,0.02228466607630253,0.336935430765152,0.5912698412698413
14,2023-06-15/2024-06-14,long_biased,fwd_60d,0.3515930771827698,0.05320160835981369,0.04341208562254906,0.517113447189331,0.6825396825396826
14,2023-06-15/2024-06-14,long_biased,fwd_120d,1.432900071144104,0.16861003637313843,0.16124114394187927,1.4568307399749756,0.9206349206349206
14,2023-06-15/2024-06-14,long_biased,fwd_250d,2.0193376541137695,0.34435564279556274,0.36832374334335327,2.064749002456665,0.9880952380952381
15,2024-06-15/2025-06-14,opt,fwd_5d,-0.09691955149173737,0.0017396420007571578,-0.004674417898058891,0.04230489209294319,0.5662650602409639
15,2024-06-15/2025-06-14,opt,fwd_20d,-0.005970540922135115,0.013530650176107883,-0.0006617226172238588,0.15793369710445404,0.6224899598393574
15,2024-06-15/2025-06-14,opt,fwd_60d,-0.011064806021749973,0.04458330199122429,-0.002068791538476944,0.3047744333744049,0.6867469879518072
15,2024-06-15/2025-06-14,opt,fwd_120d,0.12923358380794525,0.11846401542425156,0.033981192857027054,0.9259158372879028,0.8393574297188755
15,2024-06-15/2025-06-14,opt,fwd_250d,0.2992514371871948,0.14857935905456543,0.1298779547214508,0.3176361918449402,0.8514056224899599
15,2024-06-15/2025-06-14,live_4tf,fwd_5d,-0.15052057802677155,-0.0012188493274152279,-0.008060834370553493,-0.035705193877220154,0.5461847389558233
15,2024-06-15/2025-06-14,live_4tf,fwd_20d,-0.04076409712433815,0.008561508730053902,-0.00425773486495018,0.11367359757423401,0.5341365461847389
15,2024-06-15/2025-06-14,live_4tf,fwd_60d,-0.12518654763698578,0.03189869597554207,-0.026195909827947617,0.22388392686843872,0.6224899598393574
15,2024-06-15/2025-06-14,live_4tf,fwd_120d,-0.08672644942998886,0.0781010165810585,-0.02973022684454918,0.4331403076648712,0.6144578313253012
15,2024-06-15/2025-06-14,live_4tf,fwd_250d,-0.12214053422212601,0.043699316680431366,-0.05819527432322502,0.10092199593782425,0.7389558232931727
15,2024-06-15/2025-06-14,equal_9tf,fwd_5d,-0.09020932018756866,0.0012442260049283504,-0.003995412960648537,0.03422228619456291,0.5502008032128514
15,2024-06-15/2025-06-14,equal_9tf,fwd_20d,0.03220795467495918,0.012675275094807148,0.003343642456457019,0.16304084658622742,0.606425702811245
15,2024-06-15/2025-06-14,equal_9tf,fwd_60d,0.033734019845724106,0.03723914548754692,0.005820226389914751,0.2750822901725769,0.6746987951807228
15,2024-06-15/2025-06-14,equal_9tf,fwd_120d,0.21293646097183228,0.09633968770503998,0.048940133303403854,0.7430151700973511,0.7911646586345381
15,2024-06-15/2025-06-14,equal_9tf,fwd_250d,0.3291687071323395,0.09945418685674667,0.11597885191440582,0.22314231097698212,0.8313253012048193
15,2024-06-15/2025-06-14,equal_4tf_short,fwd_5d,-0.14531555771827698,-0.0007750281947664917,-0.007751687429845333,-0.022704988718032837,0.5502008032128514
15,2024-06-15/2025-06-14,equal_4tf_short,fwd_20d,-0.03510542958974838,0.008701212704181671,-0.003795832861214876,0.11733844876289368,0.5421686746987951
15,2024-06-15/2025-06-14,equal_4tf_short,fwd_60d,-0.16037523746490479,0.02764175273478031,-0.03400520607829094,0.19703295826911926,0.6184738955823293
15,2024-06-15/2025-06-14,equal_4tf_short,fwd_120d,-0.12431731820106506,0.0708325207233429,-0.04295768961310387,0.42052361369132996,0.6224899598393574
15,2024-06-15/2025-06-14,equal_4tf_short,fwd_250d,-0.13458216190338135,0.04300224035978317,-0.06574688851833344,0.09979978948831558,0.7590361445783133
15,2024-06-15/2025-06-14,long_biased,fwd_5d,-0.022502116858959198,0.0034197315108031034,-0.0011586532928049564,0.07539881020784378,0.5863453815261044
15,2024-06-15/2025-06-14,long_biased,fwd_20d,0.041417475789785385,0.013653327710926533,0.00462604034692049,0.15256944298744202,0.6224899598393574
15,2024-06-15/2025-06-14,long_biased,fwd_60d,0.05272454023361206,0.038710709661245346,0.008653939701616764,0.27533459663391113,0.7108433734939759
15,2024-06-15/2025-06-14,long_biased,fwd_120d,0.3598378598690033,0.11952394992113113,0.06281706690788269,1.0880098342895508,0.8674698795180723
15,2024-06-15/2025-06-14,long_biased,fwd_250d,0.5457676649093628,0.1562804877758026,0.1852053552865982,0.3375621736049652,0.8634538152610441
